"UserName","Password","FirstName","LastName","Email"
"bdilnot0","1QuklV5iFNUR","Bradly","Dilnot","bdilnot0@dion.ne.jp"
"pdunckley1","kuwv42xW","Poul","Dunckley","pdunckley1@ed.gov"
"qgazzard2","43O4l57KgUEV","Quentin","Gazzard","qgazzard2@cocolog-nifty.com"
"mmatthis3","SwW3FRu","Maybelle","Matthis","mmatthis3@mozilla.org"
"qmeader4","44tslD","Quinta","Meader","qmeader4@intel.com"
"kdonovan5","LivY1TDMs","Katalin","Donovan","kdonovan5@dagondesign.com"
"bdewis6","3rNwpzrRP","Bernadene","Dewis","bdewis6@rambler.ru"
"ngally7","c23wTNi8rmt","Niven","Gally","ngally7@discuz.net"
"smarwood8","KpI0W349YW","Sybila","Marwood","smarwood8@ifeng.com"
"obansal9","VuAs4oT","Othello","Bansal","obansal9@so-net.ne.jp"
"rcathersidesa","xbn7XJgn14F","Rosalinde","Cathersides","rcathersidesa@guardian.co.uk"
"cboggishb","4rqjijPH","Carrie","Boggish","cboggishb@hhs.gov"
"dthirlwellc","mJrCKvY","Darlleen","Thirlwell","dthirlwellc@amazon.de"
"arobjentsd","pgq0t02","Aline","Robjents","arobjentsd@cocolog-nifty.com"
"orenade","6kvofxNyGr","Orville","Renad","orenade@taobao.com"
"lbruckenthalf","tgPZn61MhJ0j","Lira","Bruckenthal","lbruckenthalf@whitehouse.gov"
"cmacgorleyg","87eEBB2AT2","Cori","MacGorley","cmacgorleyg@nsw.gov.au"
"itrimh","BqTh6TEq","Itch","Trim","itrimh@miitbeian.gov.cn"
"dbabidgei","YrjWFJzL5za","Daffi","Babidge","dbabidgei@ezinearticles.com"
"hheliarj","DX3hswntjnTC","Hobey","Heliar","hheliarj@bravesites.com"
"ssnaddenk","3R5UafGSb4K","Sterling","Snadden","ssnaddenk@theglobeandmail.com"
"esetonl","xWv7yEF","Erasmus","Seton","esetonl@homestead.com"
"mtezurem","V0mN1WTWzP","Morgen","Tezure","mtezurem@sciencedirect.com"
"mbalsern","CeZZ8Trm5","Milly","Balser","mbalsern@harvard.edu"
"odiableo","IW5JxBHy","Olin","Diable","odiableo@time.com"
"mkorejsp","SKgJ7L","Milissent","Korejs","mkorejsp@feedburner.com"
"ecornelisseq","qY64WQ7xW","Erminie","Cornelisse","ecornelisseq@eepurl.com"
"lstarbucker","k0sfQdx1K","Loria","Starbucke","lstarbucker@fema.gov"
"seliezs","loOoxXs6rBy","Shelton","Eliez","seliezs@yahoo.com"
"hkunest","8R1ZZHED8","Hamish","Kunes","hkunest@constantcontact.com"
"darstingallu","1wxghQBfT","Dirk","Arstingall","darstingallu@merriam-webster.com"
"lholmesv","8i66sC","Linette","holmes","lholmesv@springer.com"
"aplinckw","2hO69tL1KjT","Annabela","Plinck","aplinckw@delicious.com"
"kmccroryx","tIg2VmA","Kiley","McCrory","kmccroryx@1und1.de"
"mpopley","z6iZGEPW0BIt","Madel","Pople","mpopley@bizjournals.com"
"abusekz","ftyt01","Allix","Busek","abusekz@simplemachines.org"
"fmcculley10","OcafqWCN","Fedora","McCulley","fmcculley10@bigcartel.com"
"xmcmarquis11","6Ug3YB1gpO4","Xerxes","McMarquis","xmcmarquis11@yahoo.co.jp"
"imarrian12","FvpPltdZS","Idette","Marrian","imarrian12@dion.ne.jp"
"dhallibone13","tVvDDx8Q","Doll","Hallibone","dhallibone13@cafepress.com"
"ladamo14","1XA7w3","Linn","Adamo","ladamo14@1688.com"
"ccearley15","MOw3Vb","Care","Cearley","ccearley15@livejournal.com"
"xlemar16","2v9MJb7jLtf","Xenia","Lemar","xlemar16@symantec.com"
"bbosson17","pANmrAzXH","Bar","Bosson","bbosson17@yellowbook.com"
"sallam18","lkMjVLFdxXjs","Sallee","Allam","sallam18@sitemeter.com"
"jhartford19","SZCxDcGE","Justus","Hartford","jhartford19@fda.gov"
"ystarr1a","Xb1ytb","Yank","Starr","ystarr1a@constantcontact.com"
"zstannard1b","fQvQmhjbxA","Zaria","Stannard","zstannard1b@wunderground.com"
"mesom1c","B1HViMr7xm","Minerva","Esom","mesom1c@netlog.com"
"aboanas1d","Gm1X6ESW75","Aviva","Boanas","aboanas1d@sourceforge.net"
"vmathivon1e","mNnKCaX","Van","Mathivon","vmathivon1e@ihg.com"
"hpurle1f","RCeOrIoW1j","Honor","Purle","hpurle1f@4shared.com"
"sdehooch1g","YKuRlL","Selig","De Hooch","sdehooch1g@wired.com"
"mdanielovitch1h","rKGOeZ","Melodie","Danielovitch","mdanielovitch1h@amazon.com"
"dcasol1i","C2iA9wHmAD","Davis","Casol","dcasol1i@wsj.com"
"hwilderspoon1j","X8fVIpqZPU","Humfrid","Wilderspoon","hwilderspoon1j@columbia.edu"
"tnorthbridge1k","9Ny8OKp","Teodoor","Northbridge","tnorthbridge1k@php.net"
"deyckel1l","stZQMmOG","Deedee","Eyckel","deyckel1l@topsy.com"
"mderx1m","FAV4GWtvhqlo","Malva","Derx","mderx1m@networksolutions.com"
"apenella1n","sND8FI4V","Adelle","Penella","apenella1n@nyu.edu"
"bbovaird1o","qGc6i7flmmif","Bartlett","Bovaird","bbovaird1o@addtoany.com"
"cairds1p","VRzHd94","Concordia","Airds","cairds1p@shinystat.com"
"cwildor1q","S56s08EUaqeW","Claudelle","Wildor","cwildor1q@hubpages.com"
"egottelier1r","nelSYbjoTVey","Elmer","Gottelier","egottelier1r@discuz.net"
"mpowis1s","938EOqxga","Marris","Powis","mpowis1s@nymag.com"
"agrocock1t","SIWp1zHq9zI","Aimee","Grocock","agrocock1t@deviantart.com"
"rnavarro1u","O2bHmbaOHQ","Rosabelle","Navarro","rnavarro1u@cdc.gov"
"gburde1v","zklMQoiZc66","Genevieve","Burde","gburde1v@merriam-webster.com"
"mkenderdine1w","YZm7CM8CGH","Murielle","Kenderdine","mkenderdine1w@hibu.com"
"imazzey1x","CkUET1FV","Isa","Mazzey","imazzey1x@example.com"
"mguerreau1y","SiM4hzS","Maye","Guerreau","mguerreau1y@squidoo.com"
"gcheeld1z","gcqesVvben","Godart","Cheeld","gcheeld1z@edublogs.org"
"tkings20","o71q662Cdiv2","Tomaso","Kings","tkings20@paypal.com"
"mkielt21","wk5zVmrTcd0","Millicent","Kielt","mkielt21@dell.com"
"ylatus22","rHIYihU","Yetty","Latus","ylatus22@jalbum.net"
"dohallagan23","ksFPIr","Debra","O'Hallagan","dohallagan23@pen.io"
"ufassman24","yZyiOX2MmnGI","Udall","Fassman","ufassman24@epa.gov"
"mcoggins25","QsudNBgadi","Maxine","Coggins","mcoggins25@nhs.uk"
"nbifield26","sL9O9mgq2F9D","Nikolaus","Bifield","nbifield26@mayoclinic.com"
"bkanzler27","dq85YyCwbj","Bale","Kanzler","bkanzler27@umn.edu"
"mfyfe28","3QeB9WIf6si","Mora","Fyfe","mfyfe28@nytimes.com"
"fdunkinson29","c5lutzDNBcM","Floyd","Dunkinson","fdunkinson29@unesco.org"
"bholdey2a","Pi1hAVdL","Baldwin","Holdey","bholdey2a@google.ca"
"cbrende2b","FtSbwI79A","Cornie","Brende","cbrende2b@bbb.org"
"fkinkead2c","g8g65O7pTl0s","Fredric","Kinkead","fkinkead2c@nhs.uk"
"epetruska2d","wiu0DN","Ellyn","Petruska","epetruska2d@prnewswire.com"
"rsomerscales2e","kVnMkz","Rhodie","Somerscales","rsomerscales2e@instagram.com"
"klorain2f","Gdx74urZtE","Koenraad","Lorain","klorain2f@stumbleupon.com"
"tdeboick2g","N7INYo6B","Tarra","Deboick","tdeboick2g@ezinearticles.com"
"hstraun2h","1Gv7mqpgXHdB","Heda","Straun","hstraun2h@woothemes.com"
"nlendrem2i","3SNH1sgNg1","Nickie","Lendrem","nlendrem2i@de.vu"
"atollerton2j","D699uKrlVOy","Ambrosius","Tollerton","atollerton2j@hostgator.com"
"alamers2k","k2ERU7cbeR","Arlie","Lamers","alamers2k@youtu.be"
"sbrydson2l","ndlFH5E20","Shaun","Brydson","sbrydson2l@google.com.hk"
"tschlagh2m","JBgIiE","Tamra","Schlagh","tschlagh2m@vkontakte.ru"
"boconnor2n","vzwP4alV2","Berton","O'Connor","boconnor2n@army.mil"
"elestor2o","8PW4LxdL3rJ","Eolanda","Lestor","elestor2o@globo.com"
"tmcgrae2p","qPzCsm","Tait","McGrae","tmcgrae2p@lulu.com"
"zmalster2q","jtP2UREajCo","Zaria","Malster","zmalster2q@about.me"
"sspratley2r","hY8EqE","Shawna","Spratley","sspratley2r@github.com"
"ssheepy2s","2QcTxEpcJn","Simona","Sheepy","ssheepy2s@miibeian.gov.cn"
"rreyner2t","wzlaS9xxE9","Rosco","Reyner","rreyner2t@networkadvertising.org"
"smuat2u","S2Leekpy","Stephine","Muat","smuat2u@nytimes.com"
"sallsobrook2v","EILR3A80","Sherye","Allsobrook","sallsobrook2v@instagram.com"
"bkneale2w","nx1lRTbDHmns","Bryna","Kneale","bkneale2w@devhub.com"
"odady2x","xaDIhpXwMKU","Orville","Dady","odady2x@wikimedia.org"
"ssizey2y","JEl6UZab6d","Sanders","Sizey","ssizey2y@narod.ru"
"zmcilvenny2z","ECsbPORg","Zoe","McIlvenny","zmcilvenny2z@feedburner.com"
"bphilott30","GWvV41","Beverly","Philott","bphilott30@mapquest.com"
"fmaharey31","w3N7YBc6XdN","Filbert","Maharey","fmaharey31@etsy.com"
"cmachent32","zIjyQZ78g","Cristiano","Machent","cmachent32@pcworld.com"
"mridewood33","cHtFG0E2j","Marchall","Ridewood","mridewood33@patch.com"
"smattiassi34","OpBeKj","Siegfried","Mattiassi","smattiassi34@chronoengine.com"
"cspaxman35","KZg0ij009UmW","Candi","Spaxman","cspaxman35@usatoday.com"
"wnial36","jApYfA","Wilek","Nial","wnial36@auda.org.au"
"cburdell37","3nkfo6YrA","Creigh","Burdell","cburdell37@opensource.org"
"jgilbanks38","ZDZCnxllDT2","Justinn","Gilbanks","jgilbanks38@ycombinator.com"
"ascoines39","pLyo5XnWwyYa","Adriano","Scoines","ascoines39@omniture.com"
"cnapthine3a","gVi6GGJuvcho","Clem","Napthine","cnapthine3a@bloglovin.com"
"bgatch3b","ypUJYf","Bryan","Gatch","bgatch3b@51.la"
"maps3c","kNTiurPOxWt","Morrie","Aps","maps3c@tumblr.com"
"chousiaux3d","qkUkVPq9Xb","Cherilynn","Housiaux","chousiaux3d@histats.com"
"womullane3e","v7p77l2Vd0","Whitney","O' Mullane","womullane3e@psu.edu"
"aburgwyn3f","x1B6UbG","Alissa","Burgwyn","aburgwyn3f@cnet.com"
"pmatuska3g","GcLbY22mTFa","Prinz","Matuska","pmatuska3g@alexa.com"
"dglandfield3h","wQQUFNuhe","Darby","Glandfield","dglandfield3h@home.pl"
"efarebrother3i","5S9YTckSqHe","Erena","Farebrother","efarebrother3i@wunderground.com"
"mbillion3j","XKLkon","Mar","Billion","mbillion3j@google.es"
"aszymaniak3k","FtAhM4","Abbye","Szymaniak","aszymaniak3k@angelfire.com"
"harbuckel3l","8wCMNZPaqO","Hadrian","Arbuckel","harbuckel3l@columbia.edu"
"aschlagh3m","jBOSkd4rvLL","Anica","Schlagh","aschlagh3m@smugmug.com"
"ckenny3n","yl6xpd2JoW","Cyndia","Kenny","ckenny3n@nba.com"
"gjorg3o","n45yBrH","Georgy","Jorg","gjorg3o@comsenz.com"
"mpyatt3p","EvClazQ","Merry","Pyatt","mpyatt3p@weibo.com"
"cpontin3q","MXcvARN9aBhZ","Clevey","Pontin","cpontin3q@diigo.com"
"gmartschke3r","I6Aaoiv4t9","Gilbertina","Martschke","gmartschke3r@sciencedirect.com"
"ugorst3s","rqxWO4RwGgDa","Ulrick","Gorst","ugorst3s@joomla.org"
"esaladin3t","IjqOhSjBXR5","Evered","Saladin","esaladin3t@huffingtonpost.com"
"brapelli3u","06CGZ7lluMY","Bucky","Rapelli","brapelli3u@goo.gl"
"lmeffan3v","xHAMxv","Lynelle","Meffan","lmeffan3v@webnode.com"
"nnorthrop3w","MAJT3adkjhDg","Nicolai","Northrop","nnorthrop3w@woothemes.com"
"erounsefell3x","8NWh47TEH5M","Eran","Rounsefell","erounsefell3x@hatena.ne.jp"
"dhocking3y","criHKtum8lA","Dyana","Hocking","dhocking3y@biglobe.ne.jp"
"sdower3z","TmFwwzS8wbkB","Stephan","Dower","sdower3z@nba.com"
"marnoll40","OcKb20UlDWe7","Marijn","Arnoll","marnoll40@1und1.de"
"holenin41","WxcftT","Harmony","Olenin","holenin41@webnode.com"
"vbolliver42","3DLvuf3YQlO1","Vitia","Bolliver","vbolliver42@newyorker.com"
"aply43","yU0BA9PfOOYq","Aimil","Ply","aply43@odnoklassniki.ru"
"rabela44","LD4IZ9PlnuN","Roze","Abela","rabela44@drupal.org"
"mshalcros45","o4bhZcsh","Myrtie","Shalcros","mshalcros45@google.fr"
"wbrockwell46","Wsf2iHDwR","Waiter","Brockwell","wbrockwell46@vkontakte.ru"
"boborne47","a7LrVk7sZH","Bud","O' Borne","boborne47@aol.com"
"mjanicki48","Iypdaa","Murry","Janicki","mjanicki48@ustream.tv"
"ecorcut49","fwT0oON60","Eugenio","Corcut","ecorcut49@accuweather.com"
"adetloff4a","r2UuboyNY","Alvera","Detloff","adetloff4a@apache.org"
"rdunan4b","7jeBGPyTLpeC","Ricki","Dunan","rdunan4b@google.co.jp"
"bchree4c","EvT3oDcG","Ber","Chree","bchree4c@shutterfly.com"
"mworviell4d","40flfgySIh","Miner","Worviell","mworviell4d@dropbox.com"
"cshobbrook4e","YhymTmoV","Cyndia","Shobbrook","cshobbrook4e@purevolume.com"
"osall4f","YTaG1REbq5i","Obidiah","Sall","osall4f@slashdot.org"
"ahounsome4g","bmDKM4k","Alistair","Hounsome","ahounsome4g@va.gov"
"cschaffel4h","SF1XB0rSZ","Carlynn","Schaffel","cschaffel4h@ameblo.jp"
"vfinley4i","dZqNu2Mr","Valentina","Finley","vfinley4i@craigslist.org"
"mwilkison4j","xXqHXv3Xe","Moore","Wilkison","mwilkison4j@addtoany.com"
"brendle4k","RmQS232s4f","Bibby","Rendle","brendle4k@china.com.cn"
"mhaythorne4l","QGtzTAF","Merline","Haythorne","mhaythorne4l@storify.com"
"menriques4m","LyRaRhD7EUuV","Mellicent","Enriques","menriques4m@mlb.com"
"dpettet4n","lO7vGPpf","Desi","Pettet","dpettet4n@hexun.com"
"sgraal4o","LcX40d","Salvador","Graal","sgraal4o@wunderground.com"
"bfaux4p","K345CcW","Berry","Faux","bfaux4p@hatena.ne.jp"
"jgallard4q","sHVlspSHW","Jojo","Gallard","jgallard4q@imageshack.us"
"lcavendish4r","DDwGvEgY6","Latisha","Cavendish","lcavendish4r@instagram.com"
"bclaisse4s","xTcnuBhj3t","Bartie","Claisse","bclaisse4s@blogs.com"
"bgaskin4t","RpBP02fViuI8","Brena","Gaskin","bgaskin4t@msn.com"
"blarciere4u","96WY9zu","Byron","Larciere","blarciere4u@gravatar.com"
"mmoger4v","AYkvbvwnomo","Miner","Moger","mmoger4v@theglobeandmail.com"
"bbowshire4w","oRLAqw","Bridie","Bowshire","bbowshire4w@qq.com"
"kholyland4x","sIUxwF5BRq2","Kiel","Holyland","kholyland4x@ox.ac.uk"
"khenfre4y","E8J4msaHO","Kylila","Henfre","khenfre4y@over-blog.com"
"dricardou4z","SJQwtXN","Daron","Ricardou","dricardou4z@unicef.org"
"wsanbrook50","dbTUs4N","Weidar","Sanbrook","wsanbrook50@pinterest.com"
"jpotter51","CoDCVh","Jodi","Potter","jpotter51@berkeley.edu"
"dbaldoni52","AnQSD2A2ke","Darelle","Baldoni","dbaldoni52@huffingtonpost.com"
"arickerby53","MDN5500KzOW8","Alisha","Rickerby","arickerby53@un.org"
"rclewlow54","UcEZVN","Ricky","Clewlow","rclewlow54@foxnews.com"
"ddurning55","7ozNvfQj","Drona","Durning","ddurning55@blogs.com"
"bjonas56","pYROGgP","Bucky","Jonas","bjonas56@kickstarter.com"
"deckly57","zFQmg5Ra","Darell","Eckly","deckly57@ehow.com"
"kvannoort58","wof1OVTG","Kylynn","Vannoort","kvannoort58@slideshare.net"
"dhelix59","CR7A9Vv0ENk","Dud","Helix","dhelix59@upenn.edu"
"pfantonetti5a","K001H2VUb","Pippa","Fantonetti","pfantonetti5a@sciencedaily.com"
"dbrazear5b","rOIYTcTI","Dorie","Brazear","dbrazear5b@slideshare.net"
"gcirlos5c","QAvAAGE","Gardiner","Cirlos","gcirlos5c@ft.com"
"hnowakowska5d","kJdjXb1ZFhhS","Hilly","Nowakowska","hnowakowska5d@devhub.com"
"hbraune5e","A8aCEi","Helge","Braune","hbraune5e@stumbleupon.com"
"egorioli5f","5pz4KPuqzN2","Erwin","Gorioli","egorioli5f@barnesandnoble.com"
"sprazor5g","1pUFVP","Sherwin","Prazor","sprazor5g@t.co"
"ctreherne5h","6ksWvDHkOi","Charles","Treherne","ctreherne5h@bandcamp.com"
"uhindge5i","VncD0h","Umberto","Hindge","uhindge5i@trellian.com"
"ajewar5j","KyctOHAcMgK","Alisha","Jewar","ajewar5j@merriam-webster.com"
"asmidmore5k","SZNt2inPGOU","Antonino","Smidmore","asmidmore5k@google.de"
"cdemare5l","mdQbQoajCOq4","Creighton","Demare","cdemare5l@cnet.com"
"clooney5m","q8CYnH2XPVKD","Chelsy","Looney","clooney5m@seesaa.net"
"dverson5n","K2OeSooSlIcp","Davide","Verson","dverson5n@hexun.com"
"kraggett5o","6hbBQPB","Krishna","Raggett","kraggett5o@mayoclinic.com"
"mlabuschagne5p","NraW6rPOfy","Maura","Labuschagne","mlabuschagne5p@hexun.com"
"mvanderspohr5q","otcAmUhSh8D","Mellisa","Van der Spohr","mvanderspohr5q@boston.com"
"tritchley5r","WBiLj3pW","Temp","Ritchley","tritchley5r@blogspot.com"
"ctruwert5s","FzX71R4IAQmj","Casandra","Truwert","ctruwert5s@cocolog-nifty.com"
"sclimo5t","tqjUbpST","Shea","Climo","sclimo5t@imgur.com"
"acarnachen5u","QdF8QdVIbN","Amii","Carnachen","acarnachen5u@telegraph.co.uk"
"cjarmain5v","uZB0E6H","Ciel","Jarmain","cjarmain5v@cdc.gov"
"sbrewis5w","hqyI0E","Shurlocke","Brewis","sbrewis5w@house.gov"
"bbendare5x","RctE6LJ7Yag","Baily","Bendare","bbendare5x@vk.com"
"rhuerta5y","9oqa6UWU","Rosella","Huerta","rhuerta5y@instagram.com"
"rmacconaghy5z","ZPazN2w","Richardo","Macconaghy","rmacconaghy5z@aboutads.info"
"bshavel60","ifrLaE1K7","Brennen","Shavel","bshavel60@uiuc.edu"
"rbinnall61","2CV2xC","Ruby","Binnall","rbinnall61@google.pl"
"wcarvilla62","DRdhrTs9qqyo","Willy","Carvilla","wcarvilla62@freewebs.com"
"tguiel63","yF2tTX","Tamarra","Guiel","tguiel63@purevolume.com"
"bsalamon64","eLUZPQ","Blayne","Salamon","bsalamon64@nyu.edu"
"htorregiani65","4nceRMCN","Haily","Torregiani","htorregiani65@t-online.de"
"nbicheno66","NrOMWB","Nani","Bicheno","nbicheno66@taobao.com"
"rcircuit67","o2EbxAZ","Rosina","Circuit","rcircuit67@ucsd.edu"
"ksiddon68","JgxfAV","Kelcie","Siddon","ksiddon68@csmonitor.com"
"rkmiec69","oCMOtO","Rosaleen","Kmiec","rkmiec69@hugedomains.com"
"middy6a","q1PYg9Bmx4l","Mannie","Iddy","middy6a@mlb.com"
"nfallawe6b","CDfXAWZ","Nadia","Fallawe","nfallawe6b@aboutads.info"
"mheamus6c","KDGKxDy","Mychal","Heamus","mheamus6c@foxnews.com"
"mfillingham6d","RgCzZJTM","Mindy","Fillingham","mfillingham6d@bloomberg.com"
"kgallandre6e","pDJ6USWYwLw","Kaine","Gallandre","kgallandre6e@webnode.com"
"wsadler6f","iwF1001DQ","Warner","Sadler","wsadler6f@ebay.co.uk"
"afurtado6g","v4steqqGWQBW","Armando","Furtado","afurtado6g@tripod.com"
"agobert6h","mq1YSMP","Alfy","Gobert","agobert6h@google.es"
"shardistry6i","OVevbl1AwK7p","Sigmund","Hardistry","shardistry6i@hexun.com"
"tchappell6j","nJhdI2w","Tallulah","Chappell","tchappell6j@theglobeandmail.com"
"njanjic6k","0T8hzJKQ5J","Nicky","Janjic","njanjic6k@tumblr.com"
"jivey6l","NHyO4A","Jeff","Ivey","jivey6l@wp.com"
"roxburgh6m","C9HRSayF","Roderigo","Oxburgh","roxburgh6m@usnews.com"
"pdumbleton6n","N2j0KCD76gk","Portia","Dumbleton","pdumbleton6n@paypal.com"
"bjzak6o","8Tzhas1Pp","Barn","Jzak","bjzak6o@booking.com"
"droches6p","UWTSS76rRG5O","Donn","Roches","droches6p@webmd.com"
"clemery6q","6lVz204vLyX","Cathee","Lemery","clemery6q@geocities.com"
"svickarman6r","MNzRAuw","Simone","Vickarman","svickarman6r@liveinternet.ru"
"mjanus6s","vUiWTtmkWF","Maritsa","Janus","mjanus6s@reverbnation.com"
"tcartner6t","XRXWt3D5jfAa","Tarrah","Cartner","tcartner6t@hatena.ne.jp"
"dpaulat6u","tOM7rWiQ6rJb","Darlleen","Paulat","dpaulat6u@unicef.org"
"eseed6v","GMVnWJadu","Eldridge","Seed","eseed6v@cdbaby.com"
"nbrownhill6w","ZdjEdN","Nissie","Brownhill","nbrownhill6w@marriott.com"
"ftennant6x","C6NF78l09dyq","Federica","Tennant","ftennant6x@walmart.com"
"tbernaert6y","H36JfzM0F","Tansy","Bernaert","tbernaert6y@about.com"
"hgorvin6z","lr0id8AzcQ4D","Hebert","Gorvin","hgorvin6z@china.com.cn"
"cgrainge70","5GrHfTPA","Chilton","Grainge","cgrainge70@taobao.com"
"vmccutheon71","Yo2qbcCLZ0Rf","Veronica","McCutheon","vmccutheon71@ed.gov"
"swagen72","rtUy7SiTOTy","Spencer","Wagen","swagen72@jimdo.com"
"mebertz73","cEmZNL5JW1zx","Merle","Ebertz","mebertz73@illinois.edu"
"kmanolov74","Mbzdu6e0ZC","Kristy","Manolov","kmanolov74@epa.gov"
"rsenogles75","UIRJIIH","Rea","Senogles","rsenogles75@geocities.jp"
"agiacobo76","cyAwkwPYjHc","Ab","Giacobo","agiacobo76@zdnet.com"
"gzettoi77","TCpiCCKN","Gabbie","Zettoi","gzettoi77@go.com"
"gney78","7qfcya","Guilbert","Ney","gney78@cam.ac.uk"
"csallows79","UuNiO2LOs","Corrie","Sallows","csallows79@nature.com"
"rdurston7a","rQqOp6Y9Y","Ricki","Durston","rdurston7a@go.com"
"tgribble7b","PCtMFZ","Trumann","Gribble","tgribble7b@theglobeandmail.com"
"jnoice7c","nVIfkdcNW","Jerome","Noice","jnoice7c@umn.edu"
"ddyball7d","lMprH31aQu9x","Damaris","Dyball","ddyball7d@rakuten.co.jp"
"sbarette7e","OrxWEW9mk6p","Schuyler","Barette","sbarette7e@ocn.ne.jp"
"jmackerley7f","gvhHd3idtna","Jolene","MacKerley","jmackerley7f@flickr.com"
"akynoch7g","h4rxvwV","Abbye","Kynoch","akynoch7g@skype.com"
"gamaya7h","XTTo8c","Geri","Amaya","gamaya7h@behance.net"
"afinker7i","l081nfMlJXyL","Aggie","Finker","afinker7i@abc.net.au"
"nhayles7j","ylqfee","Nikos","Hayles","nhayles7j@ca.gov"
"syitzhok7k","cd7RM7OKT4","Sammy","Yitzhok","syitzhok7k@shutterfly.com"
"mharwell7l","pxHoRAspP","Morty","Harwell","mharwell7l@wikimedia.org"
"jcamin7m","3sqsmwjlo3M","Jesselyn","Camin","jcamin7m@bizjournals.com"
"ghirsch7n","4qLJ20Wg","Gwenette","Hirsch","ghirsch7n@weebly.com"
"smackro7o","KQF7yTftxUZP","Shanda","Mackro","smackro7o@illinois.edu"
"gstollenwerck7p","AFBmrs4hr","Gwenora","Stollenwerck","gstollenwerck7p@harvard.edu"
"edowngate7q","IIXkMb","Ericka","Downgate","edowngate7q@tripadvisor.com"
"tocaine7r","DoXLs4MK0IH","Thorndike","O'Caine","tocaine7r@biglobe.ne.jp"
"vfearon7s","7D2gEcIZ","Violetta","Fearon","vfearon7s@1688.com"
"rbroadfield7t","VikVNFWya","Rhianon","Broadfield","rbroadfield7t@admin.ch"
"tweakley7u","zrqoHg","Tommy","Weakley","tweakley7u@rediff.com"
"rtwycross7v","HD8Z52bDu","Rosalia","Twycross","rtwycross7v@wix.com"
"siacovelli7w","JewPK0","Serge","Iacovelli","siacovelli7w@nps.gov"
"ldurno7x","K7vRFfY0OZ","Loleta","Durno","ldurno7x@loc.gov"
"htomaskov7y","P5LyzhT17","Hedi","Tomaskov","htomaskov7y@illinois.edu"
"feckersley7z","sUSunsYOeoOD","Fairlie","Eckersley","feckersley7z@virginia.edu"
"lclarkin80","Od07tPHxF6c","Lyndy","Clarkin","lclarkin80@jalbum.net"
"jtregoning81","WbdIalS","Joni","Tregoning","jtregoning81@mozilla.com"
"pcorley82","akq8Len6bIO","Petunia","Corley","pcorley82@chicagotribune.com"
"zeastmead83","B48lxyKGOTL7","Zebulen","Eastmead","zeastmead83@artisteer.com"
"bfalco84","4vDMwf4AgRJi","Benedetta","Falco","bfalco84@hhs.gov"
"scowey85","0ejOz6o","Schuyler","Cowey","scowey85@loc.gov"
"kblasius86","25B3fH2aovC","Kimmy","Blasius","kblasius86@plala.or.jp"
"mjefford87","IYYx4qMy","Marylinda","Jefford","mjefford87@furl.net"
"dmatresse88","bsHdL9MALNYk","Dominic","Matresse","dmatresse88@ucoz.com"
"pknibb89","z2s79hxluyf9","Phillis","Knibb","pknibb89@hugedomains.com"
"nwigan8a","f0eypIvDenX","Nikolaus","Wigan","nwigan8a@youtube.com"
"kabbots8b","JNinJhy","Kiele","Abbots","kabbots8b@jimdo.com"
"jbouchier8c","VFczbzap1oii","Jordan","Bouchier","jbouchier8c@pcworld.com"
"kkarlqvist8d","cfccYE28Kl","Kellina","Karlqvist","kkarlqvist8d@so-net.ne.jp"
"atoffoloni8e","NIV79Ze","Antoni","Toffoloni","atoffoloni8e@nps.gov"
"hmclaine8f","jN24pL33QHB","Hinze","McLaine","hmclaine8f@about.me"
"mmilvarnie8g","WJ7Oj7","Margalo","Milvarnie","mmilvarnie8g@house.gov"
"bgrevatt8h","0GHQBGEO9","Briant","Grevatt","bgrevatt8h@virginia.edu"
"rpudge8i","4bOfg9","Rozamond","Pudge","rpudge8i@cyberchimps.com"
"pgriniov8j","4R9xnOVcx","Perkin","Griniov","pgriniov8j@bluehost.com"
"bbroe8k","lWmbO2vzy","Bryna","Broe","bbroe8k@rediff.com"
"sshercliff8l","I8toSJOU8hMO","Sacha","Shercliff","sshercliff8l@artisteer.com"
"lwilkie8m","yB0PZIq6o3","Laurette","Wilkie","lwilkie8m@php.net"
"dswift8n","lvqCjuzwdWn","Devon","Swift","dswift8n@purevolume.com"
"gcarruthers8o","pr6e4ILvcnD","Geneva","Carruthers","gcarruthers8o@amazonaws.com"
"dologhlen8p","IFrt04LNl","Dannie","O'Loghlen","dologhlen8p@google.es"
"hbovaird8q","NID6Cbf","Harcourt","Bovaird","hbovaird8q@newyorker.com"
"sbowden8r","r0bm68F2faBP","Shane","Bowden","sbowden8r@networksolutions.com"
"jpaolillo8s","jEKzlADmCJ","Jada","Paolillo","jpaolillo8s@yolasite.com"
"eclyburn8t","IOkCaNZ05O","Eustace","Clyburn","eclyburn8t@biglobe.ne.jp"
"ibodycote8u","ZMVNvVcY","Iolanthe","Bodycote","ibodycote8u@nps.gov"
"pblaydon8v","q3SBSg","Philippine","Blaydon","pblaydon8v@zdnet.com"
"nmcculley8w","gOPnI6n","Norby","McCulley","nmcculley8w@soundcloud.com"
"tdiffley8x","Ej3duS8ma","Tansy","Diffley","tdiffley8x@businessinsider.com"
"edjordjevic8y","G9MDLmc","Ellene","Djordjevic","edjordjevic8y@usnews.com"
"vduly8z","bPSTds3Y","Vernor","Duly","vduly8z@alibaba.com"
"rarnout90","oXdqm1","Rycca","Arnout","rarnout90@people.com.cn"
"wvanstone91","5ZXBCTJcL","Walliw","Vanstone","wvanstone91@bizjournals.com"
"eclaussen92","noLMGQf","Ebonee","Claussen","eclaussen92@typepad.com"
"uvedyaev93","TIShtuzWD16c","Una","Vedyaev","uvedyaev93@slideshare.net"
"rpenright94","PsHunYd","Rabi","Penright","rpenright94@pbs.org"
"gsannes95","JaM8VWoU2T","Gardiner","Sannes","gsannes95@google.com"
"cdarnbrough96","Tjur0V7IK","Collie","Darnbrough","cdarnbrough96@upenn.edu"
"dgatch97","Pwawena2m","Dawn","Gatch","dgatch97@amazon.com"
"mvedishchev98","XO1NIQbJ","Marlon","Vedishchev","mvedishchev98@mac.com"
"eyanuk99","qwAA0oQMSv3","Elwood","Yanuk","eyanuk99@issuu.com"
"ealenov9a","4k6VUOrfxDNt","Eric","Alenov","ealenov9a@paypal.com"
"mderrett9b","hW6M9zsaR","Mufinella","Derrett","mderrett9b@godaddy.com"
"rkeneleyside9c","DFF7Uy0WNc","Remington","Keneleyside","rkeneleyside9c@apache.org"
"rstivani9d","zQhq6inp","Ryan","Stivani","rstivani9d@smh.com.au"
"miamittii9e","ALA5V0","My","Iamittii","miamittii9e@phoca.cz"
"jmanterfield9f","XChgVwuUfd","Johanna","Manterfield","jmanterfield9f@scribd.com"
"tdimeo9g","Mom1X9NXx","Tess","Di Meo","tdimeo9g@desdev.cn"
"ccaldeyroux9h","VtT2jrmY","Camille","Caldeyroux","ccaldeyroux9h@samsung.com"
"tluby9i","F3uC2OV","Trixie","Luby","tluby9i@bigcartel.com"
"bpride9j","C125iz","Britteny","Pride","bpride9j@cbsnews.com"
"mfilipyev9k","vUQWqM7dGOa1","Melissa","Filipyev","mfilipyev9k@paginegialle.it"
"bdrakes9l","fUf0Y5O5","Bobbie","Drakes","bdrakes9l@woothemes.com"
"cturk9m","woHpRt04","Cristiano","Turk","cturk9m@bizjournals.com"
"aorrill9n","oFj100tOWr4t","Avrit","Orrill","aorrill9n@tamu.edu"
"gbrackley9o","fV3lnnCZC39","Geoffry","Brackley","gbrackley9o@fda.gov"
"cbrimblecombe9p","basQyU9UWp","Charo","Brimblecombe","cbrimblecombe9p@php.net"
"bwittrington9q","GPpxXQ0vw","Bendicty","Wittrington","bwittrington9q@360.cn"
"dbrackley9r","hkG5m2oHUIs3","Diann","Brackley","dbrackley9r@telegraph.co.uk"
"kbartosek9s","r3Lu3G9neVhD","Kerrill","Bartosek","kbartosek9s@ftc.gov"
"aelloway9t","ej1aoQjeP","Adrian","Elloway","aelloway9t@scientificamerican.com"
"abonefant9u","Ulzuyb92Vs3","Angeline","Bonefant","abonefant9u@wufoo.com"
"cmcguiney9v","pqN3q6CceQ","Conant","McGuiney","cmcguiney9v@wikipedia.org"
"ppicken9w","gWCZgDA","Priscella","Picken","ppicken9w@cocolog-nifty.com"
"birvine9x","QFc9cylfy","Bradly","Irvine","birvine9x@apple.com"
"wrawstron9y","gNxQzFAA3","Wood","Rawstron","wrawstron9y@homestead.com"
"dclemot9z","75EdbDvSWJua","Diane-marie","Clemot","dclemot9z@pen.io"
"nsturrocka0","shdhfs1cRT","Nappie","Sturrock","nsturrocka0@msn.com"
"cocahernya1","MiSQbMhk","Carlo","O'Caherny","cocahernya1@cpanel.net"
"ccharleya2","vtVdxzBp4p","Ciro","Charley","ccharleya2@imageshack.us"
"ebarmea3","eQDeLZpSLaQ8","Emelia","Barme","ebarmea3@nyu.edu"
"lwrothama4","0fIoAoY","Lawrence","Wrotham","lwrothama4@freewebs.com"
"dmagnusa5","XpSutju2RG","Donnie","Magnus","dmagnusa5@youtu.be"
"ckeitcha6","qPLb5o","Conant","Keitch","ckeitcha6@ihg.com"
"igareisra7","zRMLOJ","Inness","Gareisr","igareisra7@umich.edu"
"rmessruthera8","j3T7eeJpDdb4","Roshelle","Messruther","rmessruthera8@i2i.jp"
"mcastanagaa9","yM1WmoVmb9","Mateo","Castanaga","mcastanagaa9@webnode.com"
"nclewettaa","SYxg56Sv0Rr","Nancee","Clewett","nclewettaa@cdbaby.com"
"abearcroftab","fdhFT5s","Adeline","Bearcroft","abearcroftab@i2i.jp"
"ccobbyac","TQoWjPM","Caddric","Cobby","ccobbyac@umn.edu"
"ecaughtead","Y5PKrt","Elroy","Caughte","ecaughtead@twitpic.com"
"rburgerae","MVZDkLECh","Roth","Burger","rburgerae@theglobeandmail.com"
"jgarmaf","RqEUQ5SurI3","Jesus","Garm","jgarmaf@time.com"
"bphippag","w7bSoqf","Barbabas","Phipp","bphippag@time.com"
"czywickiah","KhxPwsD","Constantia","Zywicki","czywickiah@gnu.org"
"mcarsbergai","A7gs8E6","Maryjo","Carsberg","mcarsbergai@skype.com"
"evannuchiaj","BQ3qhx9","Elladine","Vannuchi","evannuchiaj@phoca.cz"
"cadneyak","XojSELw","Chrysler","Adney","cadneyak@mit.edu"
"nludwikiewiczal","8kT7Khbsdl","Neron","Ludwikiewicz","nludwikiewiczal@smh.com.au"
"afrareyam","qBU3lf0X","Alix","Frarey","afrareyam@theatlantic.com"
"jsahnowan","5iqmSgl","Jerry","Sahnow","jsahnowan@desdev.cn"
"reganao","rAIe3XBi","Robyn","Egan","reganao@businesswire.com"
"pfranekap","qcJqAqJYd","Phylys","Franek","pfranekap@house.gov"
"ngibbaq","Ux9rK2xvN","Napoleon","Gibb","ngibbaq@time.com"
"dbayleyar","d8Aeuw","Dorita","Bayley","dbayleyar@infoseek.co.jp"
"ekleinplacas","6ryPeM3a","Evonne","Kleinplac","ekleinplacas@answers.com"
"cmuncerat","RaRyTMcv","Cathrine","Muncer","cmuncerat@storify.com"
"zholtau","O56bgA","Zabrina","Holt","zholtau@dailymail.co.uk"
"gdikelsav","Zvy3HV4","Giselle","Dikels","gdikelsav@wunderground.com"
"kcraykeaw","4r4znW3OT75","Kristina","Crayke","kcraykeaw@google.it"
"amcadamax","Y21tFCuaHUXm","Ailene","McAdam","amcadamax@prnewswire.com"
"kprinettay","5nB4yi8v5","Kessia","Prinett","kprinettay@mapy.cz"
"pdroughtaz","VRt6lmZFQ","Phillip","Drought","pdroughtaz@epa.gov"
"fsotheronb0","FUBS0AEor","Freedman","Sotheron","fsotheronb0@indiegogo.com"
"dnorvillb1","ByMrJxoth","Datha","Norvill","dnorvillb1@washingtonpost.com"
"mfreddib2","SGeoAf7F","Maggy","Freddi","mfreddib2@topsy.com"
"roferb3","Sh30bDr","Rhianon","Ofer","roferb3@sfgate.com"
"cdyottb4","IqrMUJMOw8lM","Charmion","Dyott","cdyottb4@last.fm"
"omcilreavyb5","b0j0Xs04","Orv","McIlreavy","omcilreavyb5@w3.org"
"aribab6","wQfrLAvAcCat","Alick","Riba","aribab6@ucoz.com"
"rmattisssenb7","VjoI9zMiwU","Rivalee","Mattisssen","rmattisssenb7@unc.edu"
"hshackelb8","PES487ul","Harwell","Shackel","hshackelb8@fotki.com"
"lbrabinb9","zPrOs3ym","Liza","Brabin","lbrabinb9@typepad.com"
"ggeorgescuba","DL8zHDNJni3","Guinna","Georgescu","ggeorgescuba@example.com"
"pimorebb","5ShEyysN6k8d","Philomena","Imore","pimorebb@newyorker.com"
"sgledebc","T66Xe3DqzZ","Shandeigh","Glede","sgledebc@blogspot.com"
"lpetrellobd","HvPs4aG0Y3jI","Lynette","Petrello","lpetrellobd@msn.com"
"dsabbertonbe","boecTG","Donetta","Sabberton","dsabbertonbe@jugem.jp"
"rchaperlinbf","6uRQgaUHgRgd","Rosemonde","Chaperlin","rchaperlinbf@dmoz.org"
"gklemencicbg","tvZp6H6waLWm","Georgette","Klemencic","gklemencicbg@time.com"
"gblasebh","tZE5P5SUV2","Gran","Blase","gblasebh@disqus.com"
"rhatchellbi","ajTKOUTh","Rafaela","Hatchell","rhatchellbi@trellian.com"
"slukehurstbj","h3BnwMDhqN","Sauncho","Lukehurst","slukehurstbj@shareasale.com"
"acurlbk","G76qYxcnSfJ","Angelica","Curl","acurlbk@g.co"
"caaronsonbl","ZJOsMiyar","Constantia","Aaronson","caaronsonbl@tumblr.com"
"mvalasekbm","S5dzz9i3sAQ","Mattie","Valasek","mvalasekbm@linkedin.com"
"pwandbn","wrSLm3nb","Philly","Wand","pwandbn@moonfruit.com"
"sdeacockbo","uIpQQB9j","Stanislaus","Deacock","sdeacockbo@zdnet.com"
"mneevebp","XQpSuWyc6","Matteo","Neeve","mneevebp@amazon.co.uk"
"ktaphousebq","EAxL4MbDvG7","Kenton","Taphouse","ktaphousebq@booking.com"
"mcartnerbr","mHvx9a","Mora","Cartner","mcartnerbr@ycombinator.com"
"csloatbs","j9WnVNqk4I","Carlita","Sloat","csloatbs@mit.edu"
"tandreazzibt","hfTPgZU79","Thain","Andreazzi","tandreazzibt@amazon.com"
"asaketbu","gNZKzE8Fx","Adriane","Saket","asaketbu@telegraph.co.uk"
"bgiraudeaubv","ISHIQGg","Benetta","Giraudeau","bgiraudeaubv@constantcontact.com"
"tallwardbw","VSUHbr","Toiboid","Allward","tallwardbw@si.edu"
"mmildnerbx","26U7gHyUyNh","Malinde","Mildner","mmildnerbx@stanford.edu"
"msauntby","X5KWlmU9W","Mellisa","Saunt","msauntby@youtube.com"
"jcollcuttbz","iIgVtoMUvBKs","Johan","Collcutt","jcollcuttbz@paginegialle.it"
"sattersollc0","n5eD7b","Shannah","Attersoll","sattersollc0@friendfeed.com"
"noneilc1","PzmBDO","Noni","Oneil","noneilc1@marketwatch.com"
"dhuffadinec2","PNQIm9UN","Denney","Huffadine","dhuffadinec2@usgs.gov"
"wcamplingc3","6GboVNUS","Witty","Campling","wcamplingc3@google.de"
"gromushkinc4","YoGsc6bH2bB","Gracie","Romushkin","gromushkinc4@businessweek.com"
"jmettetalc5","ZIPgzSch2R","Jaynell","Mettetal","jmettetalc5@amazon.de"
"dantramc6","KC2Vcai7CJIa","Dyann","Antram","dantramc6@nsw.gov.au"
"rbywaterc7","L0wwzV","Rutledge","Bywater","rbywaterc7@ox.ac.uk"
"dgerritzenc8","mjJquGIuGjYu","Derick","Gerritzen","dgerritzenc8@mapquest.com"
"fdismanc9","Wks6BVk","Freida","Disman","fdismanc9@rakuten.co.jp"
"ljoannidica","bDs2B5th2o","Lesya","Joannidi","ljoannidica@archive.org"
"dkhristoforovcb","FlUwReaCVJh","Dan","Khristoforov","dkhristoforovcb@booking.com"
"rfrodsamcc","yJZTPe3QIm","Roz","Frodsam","rfrodsamcc@xinhuanet.com"
"czupacd","Uv8PtLIhP","Cammie","Zupa","czupacd@springer.com"
"nkubasiewiczce","qpvfVULcoRu","Nina","Kubasiewicz","nkubasiewiczce@nature.com"
"wsharlandcf","ilxZxvaFP3b","Ward","Sharland","wsharlandcf@e-recht24.de"
"jsnailhamcg","1BWICp","James","Snailham","jsnailhamcg@123-reg.co.uk"
"jpawelkech","op0HvAJ","Janeczka","Pawelke","jpawelkech@php.net"
"rbrydellci","DaUL0V","Reagen","Brydell","rbrydellci@wikipedia.org"
"facockcj","vSYGr8n","Freddi","Acock","facockcj@ehow.com"
"dturpinck","28WT3aR","Doe","Turpin","dturpinck@nyu.edu"
"emaileycl","hnZUxzdK","Evan","Mailey","emaileycl@sourceforge.net"
"sjoesburycm","sWZKYKs","Sydel","Joesbury","sjoesburycm@mlb.com"
"ahearsumcn","ZVVyzIwMJy9","Averill","Hearsum","ahearsumcn@oaic.gov.au"
"calexsandrowiczco","RaxHrDh8dM","Correy","Alexsandrowicz","calexsandrowiczco@bbb.org"
"brobilartcp","iF4Db9zq","Bella","Robilart","brobilartcp@hud.gov"
"cfergussoncq","NtdPzkKbo6","Clayborne","Fergusson","cfergussoncq@blogger.com"
"mmakencr","kL4r7Go","Martino","Maken","mmakencr@reuters.com"
"avankincs","ivWRyFYys","Auberon","Vankin","avankincs@abc.net.au"
"spargeterct","zMDCMBx1cw","Sid","Pargeter","spargeterct@mail.ru"
"spapescu","1LyMraNFebF","Sybilla","Papes","spapescu@archive.org"
"bhullbrookcv","qd61yrd","Burty","Hullbrook","bhullbrookcv@aboutads.info"
"mkindleysidescw","b912SWxcDGTw","Mariann","Kindleysides","mkindleysidescw@weebly.com"
"vbredburycx","Q12kvZ4VDfJ","Viki","Bredbury","vbredburycx@dailymail.co.uk"
"ufirmancy","I8VpWdJ3TP4","Udall","Firman","ufirmancy@de.vu"
"hfairhurstcz","xKk3Sj","Harmony","Fairhurst","hfairhurstcz@theglobeandmail.com"
"tjirieckd0","AHCahL6t3Lug","Toby","Jirieck","tjirieckd0@hp.com"
"dsedgmondd1","K10yqLzQ","Dale","Sedgmond","dsedgmondd1@blogs.com"
"lbellangerd2","KiEIv3","Lilllie","Bellanger","lbellangerd2@unblog.fr"
"vbartolommeod3","2PywEU26NSLg","Valenka","Bartolommeo","vbartolommeod3@skype.com"
"lperullid4","Tprcfb0TLoD","Levon","Perulli","lperullid4@army.mil"
"cbeamandd5","4Aa5EH","Charmain","Beamand","cbeamandd5@epa.gov"
"dordidged6","kSmujbXRd9Lv","Daniela","Ordidge","dordidged6@reuters.com"
"cgodlyd7","Njm4p4XWCh","Caryl","Godly","cgodlyd7@hugedomains.com"
"ebanked8","D2ZUXUgaZN","Errick","Banke","ebanked8@moonfruit.com"
"ecodd9","8jQKKIGF","Editha","Cod","ecodd9@census.gov"
"myonda","3oE8YU","Marie-jeanne","Yon","myonda@soundcloud.com"
"amcbeathdb","Na8bUhvtzETm","Andrew","McBeath","amcbeathdb@w3.org"
"wabbottdc","uavPgSmBch","Wyn","Abbott","wabbottdc@pinterest.com"
"jhellyerdd","gwNeBIhRt","Julissa","Hellyer","jhellyerdd@cloudflare.com"
"fscrannyde","u5huDMuw","Frasquito","Scranny","fscrannyde@wufoo.com"
"bluckingsdf","6QfurRmEXWb","Bald","Luckings","bluckingsdf@de.vu"
"mcaullieredg","3Bhg0Na3kw","Melisa","Caulliere","mcaullieredg@people.com.cn"
"fscotsondh","uqC8O8VcKjCx","Felisha","Scotson","fscotsondh@weibo.com"
"skneedi","RAnLqghW","Son","Knee","skneedi@weather.com"
"istreetfielddj","NPxpgOzuYPT","Ibby","Streetfield","istreetfielddj@go.com"
"swainedk","lgExo35XOQ","Shermie","Waine","swainedk@topsy.com"
"kbrycesondl","yHF5adpc","Kristoffer","Bryceson","kbrycesondl@biblegateway.com"
"afranciottoidm","W95eJCoNS","Aland","Franciottoi","afranciottoidm@homestead.com"
"tdaniheldn","lYDFFtZjMsi","Tine","Danihel","tdaniheldn@addtoany.com"
"rolenichevdo","j0Q64nv8","Redd","Olenichev","rolenichevdo@canalblog.com"
"ehaldondp","KczbQdW","Eugene","Haldon","ehaldondp@marriott.com"
"owashingtondq","8CcLM0pHY","Olivia","Washington","owashingtondq@rediff.com"
"wmallabydr","OkurNO","Whitaker","Mallaby","wmallabydr@delicious.com"
"arosettids","67tUzNe0","Alex","Rosetti","arosettids@epa.gov"
"cwithurdt","mIqya7v","Charity","Withur","cwithurdt@goodreads.com"
"crowlsondu","97Jy5y3HuF","Carlen","Rowlson","crowlsondu@ifeng.com"
"cfeldfisherdv","3Ao6Z6BdeB","Cole","Feldfisher","cfeldfisherdv@ask.com"
"nmazzeydw","AiGjEIl","Netta","Mazzey","nmazzeydw@state.gov"
"sgelemandx","GOnV36obld","Sondra","Geleman","sgelemandx@miibeian.gov.cn"
"dmuirheaddy","wN3eIQ5","Devonne","Muirhead","dmuirheaddy@discovery.com"
"lashtonhurstdz","Ggclwy","Luella","Ashtonhurst","lashtonhurstdz@dropbox.com"
"ccudbertsone0","EtxCRcUS6","Ciel","Cudbertson","ccudbertsone0@t.co"
"haxstone1","Q54Bt4a","Hildy","Axston","haxstone1@arizona.edu"
"akingse2","Q5k2kg","Amitie","Kings","akingse2@surveymonkey.com"
"kdukesburye3","KCnJDX2V","Kincaid","Dukesbury","kdukesburye3@cam.ac.uk"
"csmissene4","E00nrtRk","Caddric","Smissen","csmissene4@instagram.com"
"brickcorde5","SF005k","Brena","Rickcord","brickcorde5@sourceforge.net"
"hdyotte6","SCiYCu","Hatti","Dyott","hdyotte6@tiny.cc"
"itibbottse7","vQD2kTGrbot","Ira","Tibbotts","itibbottse7@jiathis.com"
"cmulloche8","R8yw0PL","Cleavland","Mulloch","cmulloche8@fotki.com"
"dfilisove9","JS513Ab3M1Z","Dniren","Filisov","dfilisove9@amazon.com"
"cmalyea","wpjZ6k","Clarabelle","Maly","cmalyea@cargocollective.com"
"wspurreb","IsuiEW","Waylan","Spurr","wspurreb@nbcnews.com"
"kfiguraec","MHPjqfPciP","Karine","Figura","kfiguraec@ucla.edu"
"cglideed","gvkCn1FRuos","Cacilie","Glide","cglideed@phoca.cz"
"wcordeauee","uuCJ5PP","Warren","Cordeau","wcordeauee@paypal.com"
"jmckerronef","vDfUaWUbY","Jessie","McKerron","jmckerronef@histats.com"
"lmenichinoeg","ltNM6AyaulX","Lindsey","Menichino","lmenichinoeg@skyrock.com"
"mlestrangeeh","Fcs9P91L7","Monro","Le Strange","mlestrangeeh@cnet.com"
"dglasmanei","PeN0s8","Dewitt","Glasman","dglasmanei@newsvine.com"
"bmadisonej","o7nKkhthA","Byron","Madison","bmadisonej@sakura.ne.jp"
"apratteek","H2deRVY","Abby","Pratte","apratteek@skype.com"
"ccastellaniel","mroojlEhSwx","Celina","Castellani","ccastellaniel@google.nl"
"flucockem","PgzOa499mU","Franchot","Lucock","flucockem@tripod.com"
"eeveritten","afcRZj0Miy98","Esme","Everitt","eeveritten@springer.com"
"djacobowiczeo","FQl1tEIqK","Dalenna","Jacobowicz","djacobowiczeo@wix.com"
"jdrysdaleep","Juqo0KQ6lXW9","Jaymee","Drysdale","jdrysdaleep@salon.com"
"ndenningtoneq","4U67Fye","Nikos","Dennington","ndenningtoneq@washingtonpost.com"
"sgraeberer","PPV8LLBqx","Star","Graeber","sgraeberer@unc.edu"
"yweatherburnes","8gi1m6thk","Yank","Weatherburn","yweatherburnes@princeton.edu"
"btuckettet","I6ZbO1hB","Benoite","Tuckett","btuckettet@sohu.com"
"mpinkertoneu","JZcka3i","Mercedes","Pinkerton","mpinkertoneu@howstuffworks.com"
"jjervisev","SbY10a4h","Judas","Jervis","jjervisev@huffingtonpost.com"
"mmccroaryew","5UPbyvIy2ON","Micki","McCroary","mmccroaryew@paginegialle.it"
"kkillenex","OXYwJlbtFMnJ","Kaine","Killen","kkillenex@drupal.org"
"fleakeey","3958hJygPQb3","Felicio","Leake","fleakeey@live.com"
"aminchellez","Fa40oNoKQe18","Adi","Minchell","aminchellez@chronoengine.com"
"mvanyushkinf0","JXbfHJ","Marita","Vanyushkin","mvanyushkinf0@tumblr.com"
"hlouchef1","GPDOyyTheMtJ","Hobard","Louche","hlouchef1@house.gov"
"sbartrapf2","bOFgaGBTc9W","Susy","Bartrap","sbartrapf2@meetup.com"
"aduligalf3","nJ2TyM","Abie","Duligal","aduligalf3@mapy.cz"
"sdericutf4","A24Pf6XRHz2","Sheryl","Dericut","sdericutf4@dot.gov"
"mdarthf5","qQFxm9061X","Modesty","Darth","mdarthf5@soup.io"
"jgulvinf6","58OPnOEUF","Janella","Gulvin","jgulvinf6@wsj.com"
"fsleepf7","qnLgboNR8","Felicio","Sleep","fsleepf7@geocities.jp"
"pfaslerf8","DvBsbHSxYmse","Price","Fasler","pfaslerf8@yale.edu"
"aweymanf9","gmSX6si","Adore","Weyman","aweymanf9@instagram.com"
"sgoodrickfa","f8FDmW","Sibbie","Goodrick","sgoodrickfa@mozilla.com"
"sbruinsfb","L8O95nZ","Shayne","Bruins","sbruinsfb@angelfire.com"
"dfewlassfc","tEeKYXSwttO","Dorella","Fewlass","dfewlassfc@reuters.com"
"kcollisfd","uevVi0","Kyla","Collis","kcollisfd@hatena.ne.jp"
"jtilbyfe","Xtk2VNh","Jannel","Tilby","jtilbyfe@shinystat.com"
"ltwittyff","LxlfzXPR","Lorelle","Twitty","ltwittyff@naver.com"
"sbudgeyfg","Ok9KBcPaFO5c","Selinda","Budgey","sbudgeyfg@house.gov"
"kcamiesfh","dpGwzzHt","Kenton","Camies","kcamiesfh@jalbum.net"
"hvargasfi","A1txRH","Harwilll","Vargas","hvargasfi@ucoz.com"
"gbrownleafj","ZHqgyW","Giselle","Brownlea","gbrownleafj@simplemachines.org"
"blanderfk","lvVR7GhXLVCu","Bertie","Lander","blanderfk@gizmodo.com"
"wfarhertyfl","QhVvSSQq","Weston","Farherty","wfarhertyfl@paginegialle.it"
"olosekefm","uVF3TZT","Orson","Loseke","olosekefm@disqus.com"
"jnoblesfn","AY4pm2GfKgE","Jeremias","Nobles","jnoblesfn@jalbum.net"
"churleyfo","WY9f36js","Callean","Hurley","churleyfo@creativecommons.org"
"ariggertfp","2lSK6QFKm","Abra","Riggert","ariggertfp@taobao.com"
"acolumbinefq","YoNFFslHw","Andrej","Columbine","acolumbinefq@ifeng.com"
"troizfr","jrnbHU9uK7r","Teador","Roiz","troizfr@mayoclinic.com"
"vpetitfs","ZjvrkwbiB3","Vick","Petit","vpetitfs@google.com.br"
"hgoldsft","1Or8vKrSXxWp","Heinrick","Golds","hgoldsft@gravatar.com"
"dswaffieldfu","J4Luosk64R","Dane","Swaffield","dswaffieldfu@apache.org"
"qfieldingfv","wRToJD7f0","Quent","Fielding","qfieldingfv@engadget.com"
"pdrewettfw","IgJX3Jdv7sp","Phillis","Drewett","pdrewettfw@unc.edu"
"cboliverfx","NAAlZtNy","Cinderella","Boliver","cboliverfx@constantcontact.com"
"ebamblettfy","O461Wt","Ella","Bamblett","ebamblettfy@photobucket.com"
"scarrolfz","ZIDG3SMHcx","Sheba","Carrol","scarrolfz@altervista.org"
"wwaszczykowskig0","3vL8R5","Walker","Waszczykowski","wwaszczykowskig0@furl.net"
"mschuttg1","GEmVRiTmrRnf","Meridith","Schutt","mschuttg1@miibeian.gov.cn"
"jgossageg2","Hqre3gmh","Juliette","Gossage","jgossageg2@github.io"
"lhatherleyg3","4oPyDK1","Louisa","Hatherley","lhatherleyg3@seattletimes.com"
"pfilochovg4","5YAPDYkJD","Pennie","Filochov","pfilochovg4@lycos.com"
"adozdillg5","sDUhzSG","Alf","Dozdill","adozdillg5@theatlantic.com"
"plangerg6","pg5icw1k","Pascale","Langer","plangerg6@uol.com.br"
"tstackbridgeg7","c026bBDl","Teriann","Stackbridge","tstackbridgeg7@npr.org"
"cglendzerg8","WQoDiG","Corey","Glendzer","cglendzerg8@prlog.org"
"dshilletog9","WgXPKaBc","Denni","Shilleto","dshilletog9@foxnews.com"
"tkeyzmanga","eTyUvNmrS8","Tamas","Keyzman","tkeyzmanga@google.com.br"
"jyurenevgb","66YlN2i","Jania","Yurenev","jyurenevgb@flavors.me"
"bwebbbowengc","MRB5cg","Bard","Webb-Bowen","bwebbbowengc@rakuten.co.jp"
"tgioriogd","Gtws4IpkpW","Theobald","Giorio","tgioriogd@sakura.ne.jp"
"dmartineauge","ZPPXwK","Darby","Martineau","dmartineauge@tumblr.com"
"gmargarsongf","qOkoWNtiJ","Gale","Margarson","gmargarsongf@discuz.net"
"eitzkovichgg","RVp44er","Esme","Itzkovich","eitzkovichgg@nifty.com"
"jsantoragh","UjXevtylw","Jenn","Santora","jsantoragh@samsung.com"
"gparnhamgi","dNyS2RYhXrIk","Gerhardine","Parnham","gparnhamgi@nasa.gov"
"mtorveygj","k9tsfD","Marcellus","Torvey","mtorveygj@europa.eu"
"rflemmichgk","1RgK32ZxPOgR","Rosalind","Flemmich","rflemmichgk@loc.gov"
"jstockdalegl","EOEIXRv","Jolyn","Stockdale","jstockdalegl@apple.com"
"apaolonigm","PDgYxZ9vATY","Abagael","Paoloni","apaolonigm@woothemes.com"
"kglynngn","HGEah07u","Ki","Glynn","kglynngn@stumbleupon.com"
"lpridmorego","EwHSF6AtiG","Leroy","Pridmore","lpridmorego@github.io"
"hnorcliffgp","MlM6TJqRRYWc","Henryetta","Norcliff","hnorcliffgp@google.co.uk"
"jingletongq","BEJqip","Jo","Ingleton","jingletongq@wordpress.com"
"scleevergr","khCMefDA","Somerset","Cleever","scleevergr@europa.eu"
"droakesgs","Y9CFBfAB","Delila","Roakes","droakesgs@lulu.com"
"obothbiegt","PmQIJGM","Odella","Bothbie","obothbiegt@livejournal.com"
"sfikegu","MZq0YA","Sileas","Fike","sfikegu@free.fr"
"nchannergv","dwnIs2xu3Ogt","Norrie","Channer","nchannergv@ca.gov"
"cschrirengw","3fReKAPYHC","Chicky","Schriren","cschrirengw@nasa.gov"
"uglidegx","XLEGE3uoE","Upton","Glide","uglidegx@psu.edu"
"dhalshawgy","Mq73tVI","Dionysus","Halshaw","dhalshawgy@1und1.de"
"pfaillgz","h0IvKgx12Z","Pooh","Faill","pfaillgz@github.com"
"xyankinh0","L3kgzJhW","Xaviera","Yankin","xyankinh0@reuters.com"
"itrinbeyh1","K7XTRQFU","Inglebert","Trinbey","itrinbeyh1@dion.ne.jp"
"jlyddenh2","L11RvrtBLF","Jemima","Lydden","jlyddenh2@ucoz.ru"
"dseedhouseh3","bqOJQ0n5FtQx","Donica","Seedhouse","dseedhouseh3@un.org"
"byegorovninh4","UCqmCHo","Byram","Yegorovnin","byegorovninh4@ed.gov"
"scaesarh5","RfD2Jwf","Shellysheldon","Caesar","scaesarh5@ca.gov"
"geltoneh6","Mqyevzo5","Georgena","Eltone","geltoneh6@craigslist.org"
"djaulmeh7","mlsNEo9rvr3","Desdemona","Jaulme","djaulmeh7@acquirethisname.com"
"rkoeppkeh8","djoKIlDU6t","Ruddie","Koeppke","rkoeppkeh8@booking.com"
"gkaplinh9","1Ttjjdwn","Gilberte","Kaplin","gkaplinh9@hao123.com"
"gdowsonha","6eZJ6KdupW","Gretta","Dowson","gdowsonha@adobe.com"
"dhowgillhb","odrg6A9yGj","Darnall","Howgill","dhowgillhb@imdb.com"
"cascroftehc","12Nuty","Clevie","Ascrofte","cascroftehc@opensource.org"
"mlundhd","TrReoj","Mirabelle","Lund","mlundhd@diigo.com"
"hriggerthe","qJplKO51E80q","Hildagarde","Riggert","hriggerthe@ebay.com"
"smendeshf","yHa8Ks7","Smitty","Mendes","smendeshf@spotify.com"
"mlyttonhg","PGdI1mtv","Meredith","Lytton","mlyttonhg@istockphoto.com"
"fsaffehh","SmRG9wzU","Fabiano","Saffe","fsaffehh@usgs.gov"
"zfarlambhi","T2zS5ziK","Zelig","Farlamb","zfarlambhi@marketwatch.com"
"aburbankhj","unr5me0","Aloysia","Burbank","aburbankhj@newyorker.com"
"sbromidgehk","rKD5MUY","Shane","Bromidge","sbromidgehk@google.com.au"
"vprettjohnhl","d9fmdrAFan","Vina","Prettjohn","vprettjohnhl@blinklist.com"
"dgainsboroughhm","sd3CBAe7m","Debora","Gainsborough","dgainsboroughhm@narod.ru"
"dricardshn","XM2RAwP","Donetta","Ricards","dricardshn@netscape.com"
"bgandrichho","mHL5aMQ","Blondie","Gandrich","bgandrichho@ehow.com"
"hguarnierhp","t2YVJyTr9pC","Heinrik","Guarnier","hguarnierhp@mayoclinic.com"
"hleatehq","8li3VqVwD","Hester","Leate","hleatehq@goo.gl"
"jvanlinthr","4unap8ptcl0","Jules","Vanlint","jvanlinthr@dedecms.com"
"acopnellhs","6UeL5wz7","Angele","Copnell","acopnellhs@walmart.com"
"aorgillht","o8YYwllx","Ashby","Orgill","aorgillht@nba.com"
"sivkovichu","VEvMM72","Shay","Ivkovic","sivkovichu@topsy.com"
"tdunnanhv","70oddm6gWy","Tommy","Dunnan","tdunnanhv@i2i.jp"
"mhellwighw","wYl4qQgG7W","Marcelle","Hellwig","mhellwighw@studiopress.com"
"rsquibbshx","AIsw15L","Rey","Squibbs","rsquibbshx@abc.net.au"
"rbutterishy","o6DZzSU","Ralf","Butteris","rbutterishy@hud.gov"
"acovellehz","n3zhg2gp","Antonietta","Covelle","acovellehz@tinyurl.com"
"lattreedi0","SnduTS","Lucho","Attreed","lattreedi0@mtv.com"
"ybonsalei1","Gtcc3dLuUQpb","Yolanthe","Bonsale","ybonsalei1@phoca.cz"
"jbrosolii2","EhpVa2QDMXU","Justus","Brosoli","jbrosolii2@sakura.ne.jp"
"rsnaryi3","7Evgzl","Reynard","Snary","rsnaryi3@e-recht24.de"
"jpeponi4","SPZUVs0SjcPy","Joannes","Pepon","jpeponi4@macromedia.com"
"lrialli5","YqFEdEBH","Lazar","Riall","lrialli5@rambler.ru"
"asercki6","hDt3iR","Aurora","Serck","asercki6@dmoz.org"
"dborgbartoloi7","fHb8xc","Dorry","Borg-Bartolo","dborgbartoloi7@tinypic.com"
"bburgoynei8","2f6SP56EJDb","Bastien","Burgoyne","bburgoynei8@ning.com"
"mdalzelli9","s4xEIK1XQGH","Madelene","Dalzell","mdalzelli9@disqus.com"
"cdavydochia","1q5ISnCP","Carol","Davydoch","cdavydochia@unc.edu"
"bbrancaib","kCsvoeXDn","Bobby","Branca","bbrancaib@ebay.co.uk"
"fleppingwellic","3ytLljY","Filmore","Leppingwell","fleppingwellic@nih.gov"
"tgilliesid","UP78lEf","Tally","Gillies","tgilliesid@gnu.org"
"dkyddie","FgrNxVRsCAle","Deck","Kydd","dkyddie@go.com"
"dteasellif","IiTj9Ya","Demetri","Teasell","dteasellif@businessweek.com"
"pramsteadig","B0zwnQcXG7r","Phillida","Ramstead","pramsteadig@cisco.com"
"hrodgmanih","DT6MrDGncK","Hurley","Rodgman","hrodgmanih@jimdo.com"
"bchamleyii","sxYp2JvbNY","Bettine","Chamley","bchamleyii@histats.com"
"hmckeeverij","Y8JjPw6FO3Yr","Hakim","McKeever","hmckeeverij@dell.com"
"cvanderweedenburgik","r2tLZvfNdXje","Christie","Van Der Weedenburg","cvanderweedenburgik@addthis.com"
"mheathfieldil","1aeEjFTuLQdA","Michel","Heathfield","mheathfieldil@google.es"
"eyarrim","2iaxOCAq","Ellary","Yarr","eyarrim@arstechnica.com"
"cberriballin","LGihoCou","Charmane","Berriball","cberriballin@drupal.org"
"gmcilwrickio","p05NqECNDJQ","Grete","McIlwrick","gmcilwrickio@yandex.ru"
"dfellip","LQGVnDQbw","Dav","Fell","dfellip@sitemeter.com"
"tcrillyiq","9qBwY4O1d","Trevar","Crilly","tcrillyiq@canalblog.com"
"tjovanovicir","AFBJEEH5X8","Teri","Jovanovic","tjovanovicir@storify.com"
"rwahneris","h38XSeFs","Rhona","Wahner","rwahneris@google.ru"
"tbautisteit","83UmWwI0eKW","Teddy","Bautiste","tbautisteit@digg.com"
"mmorstoniu","eq1w48RhA","Mendie","Morston","mmorstoniu@imageshack.us"
"ujendrichiv","kKQDVT1oMAef","Ulises","Jendrich","ujendrichiv@blinklist.com"
"dhowisoniw","C4fbyywIiv","Darcy","Howison","dhowisoniw@ask.com"
"sbotterellix","DWfdR6Po7z","Scotti","Botterell","sbotterellix@clickbank.net"
"vporkissiy","jjm74SVRaoDd","Vasilis","Porkiss","vporkissiy@discuz.net"
"kdeperoiz","PuJ0J50cZz","Katine","De Pero","kdeperoiz@cornell.edu"
"mkiffinj0","fZgEZ6yQy","Marijn","Kiffin","mkiffinj0@buzzfeed.com"
"lblacketj1","gIGAywh6e2J","Leslie","Blacket","lblacketj1@ox.ac.uk"
"dclaypolej2","Khz9nE4yzvUc","Danyette","Claypole","dclaypolej2@mac.com"
"clangdalej3","caLSVE","Corbett","Langdale","clangdalej3@odnoklassniki.ru"
"cohrtj4","qkt68Ij","Christoforo","Ohrt","cohrtj4@naver.com"
"fblanshardj5","4XslfI2","Fonz","Blanshard","fblanshardj5@ed.gov"
"nironmongerj6","ZUS640eMiHD","Nollie","Ironmonger","nironmongerj6@bravesites.com"
"mguirauj7","diDQy4v4","Mannie","Guirau","mguirauj7@goo.ne.jp"
"astratzj8","92wdMStrm","Albert","Stratz","astratzj8@cnet.com"
"tmcmanamonj9","kzRP5girBmY","Taite","McManamon","tmcmanamonj9@google.it"
"jbowneja","k0UvZm6","Jammie","Bowne","jbowneja@nytimes.com"
"lchapleojb","6L1rJ6","Lexie","Chapleo","lchapleojb@nyu.edu"
"iwippermannjc","EL5A6LD","Ileane","Wippermann","iwippermannjc@g.co"
"podoneganjd","X3GrUYJw8","Pip","O'Donegan","podoneganjd@cbc.ca"
"tmclaffertyje","dTNFElFFDJZ","Tibold","McLafferty","tmclaffertyje@whitehouse.gov"
"qkewzickjf","L83YDp","Quinlan","Kewzick","qkewzickjf@virginia.edu"
"amannionjg","rpHJqWmju4tu","Armando","Mannion","amannionjg@ameblo.jp"
"bedlestonjh","sE33SaTYrU","Brandon","Edleston","bedlestonjh@altervista.org"
"chunstonji","c0LwqfmIVt","Corbin","Hunston","chunstonji@springer.com"
"fjacksonjj","CCpPfbGI","Fidelia","Jackson","fjacksonjj@ucoz.com"
"eabadamjk","s4tkEDa","Erma","Abadam","eabadamjk@hud.gov"
"ciskowjl","w11DA3","Cornela","Iskow","ciskowjl@tripadvisor.com"
"ascotterjm","tkJaDXNY","Albert","Scotter","ascotterjm@slashdot.org"
"dmartinellojn","E0XjepZoaLu1","Doyle","Martinello","dmartinellojn@studiopress.com"
"jcrumbjo","YquRzslKXdZH","Joanna","Crumb","jcrumbjo@howstuffworks.com"
"cskitchjp","92hJWIs12r","Coleen","Skitch","cskitchjp@pen.io"
"ejarlmannjq","Uj24xKOx6vol","Eduardo","Jarlmann","ejarlmannjq@tuttocitta.it"
"tionnidisjr","01IUARLl53","Therine","Ionnidis","tionnidisjr@deviantart.com"
"cdaytonjs","Pz4jtEWEw","Catha","Dayton","cdaytonjs@wsj.com"
"fpenwelljt","RAqvQEO5NmF","Freeman","Penwell","fpenwelljt@angelfire.com"
"vmayallju","iZOnHlI4F","Vevay","Mayall","vmayallju@skyrock.com"
"mhollebonjv","h2iVn1","Mil","Hollebon","mhollebonjv@sun.com"
"dfreeburyjw","uNkFeYeXd","Damien","Freebury","dfreeburyjw@google.it"
"czannuttijx","SGaIWJAdspE0","Clerissa","Zannutti","czannuttijx@google.ca"
"zlapleyjy","dpLoVqwFDMqg","Zelig","Lapley","zlapleyjy@hexun.com"
"btorricellajz","87WJ2oEuO","Bette-ann","Torricella","btorricellajz@meetup.com"
"ivonasekk0","Zn2iQAWij","Ivonne","Vonasek","ivonasekk0@sciencedaily.com"
"bkabischk1","HOgF86tI2","Bank","Kabisch","bkabischk1@1688.com"
"ibilbreyk2","zFJdyantpu","Inigo","Bilbrey","ibilbreyk2@cbc.ca"
"glibrik3","PmIKJgpQ","Galvin","Libri","glibrik3@unblog.fr"
"mstorckek4","U9XEc1Dd","Maribel","Storcke","mstorckek4@constantcontact.com"
"prumpk5","Gp3KA7vmXE","Prisca","Rump","prumpk5@thetimes.co.uk"
"molcotk6","IygarH","Muhammad","Olcot","molcotk6@yandex.ru"
"rcowopek7","DcnLiNgCWlz","Ralf","Cowope","rcowopek7@cisco.com"
"hheildsk8","SVHUA9B5hZ","Haydon","Heilds","hheildsk8@sitemeter.com"
"divashchenkok9","5OnM35SKiB","Durant","Ivashchenko","divashchenkok9@instagram.com"
"mrevieka","tTE4RW","Marcia","Revie","mrevieka@unc.edu"
"jepiletkb","ZsmN03n7Re","Joell","Epilet","jepiletkb@ebay.co.uk"
"nheekskc","aDJYDt8","Neda","Heeks","nheekskc@drupal.org"
"tfryerskd","G6PqLu2PJs","Taylor","Fryers","tfryerskd@skype.com"
"escurrellke","YzGbdfGVY","Eva","Scurrell","escurrellke@pagesperso-orange.fr"
"hpockkf","Buucid8lg","Harlin","Pock","hpockkf@hhs.gov"
"iknowllerkg","se6eniFoTifg","Ira","Knowller","iknowllerkg@taobao.com"
"cshowenkh","BNxApiIE6j","Carola","Showen","cshowenkh@multiply.com"
"hsherrattki","pQZKPdKqTHaF","Hedvig","Sherratt","hsherrattki@amazonaws.com"
"prumpkj","Dxqp6JpdZ","Phaidra","Rump","prumpkj@nytimes.com"
"kcullrfordkk","vJDT5jTyQ","Keane","Cullrford","kcullrfordkk@creativecommons.org"
"ahealeykl","PsI27n","Ambrosio","Healey","ahealeykl@virginia.edu"
"cruslingkm","BgHypv8Ft6vP","Chucho","Rusling","cruslingkm@webs.com"
"charringkn","BGsnzNfVdx","Clemmy","Harring","charringkn@timesonline.co.uk"
"mcouttsko","6Oy2316","Marris","Coutts","mcouttsko@acquirethisname.com"
"teggertonkp","yWn8xhZS","Tallou","Eggerton","teggertonkp@devhub.com"
"bdemcikkq","uGVyKem","Brett","Demcik","bdemcikkq@jimdo.com"
"enicklenkr","UbevF6Lv0Fw","Elmore","Nicklen","enicklenkr@nasa.gov"
"hknotteks","EzSdK6tcti","Ham","Knotte","hknotteks@pinterest.com"
"cweekleykt","MhtLg7k40","Cathrine","Weekley","cweekleykt@jugem.jp"
"gabsolonku","MjinuE3","Garnette","Absolon","gabsolonku@discovery.com"
"jbennionkv","lBmR0CAb","Justin","Bennion","jbennionkv@techcrunch.com"
"lwheatonkw","9s6tWh","Liane","Wheaton","lwheatonkw@meetup.com"
"ihuckerbykx","EOXhA7bi","Imogene","Huckerby","ihuckerbykx@goodreads.com"
"lharcusky","OzR96uk","Leanor","Harcus","lharcusky@macromedia.com"
"jthurleykz","lEGYg0Rz15x","Joyann","Thurley","jthurleykz@drupal.org"
"dgerhtsl0","i3mDYP1T5","Devy","Gerhts","dgerhtsl0@ucoz.ru"
"agarrattleyl1","Bf3R583f3ds","Ardenia","Garrattley","agarrattleyl1@xrea.com"
"awiddopl2","r9fxtfis","Ammamaria","Widdop","awiddopl2@hatena.ne.jp"
"gcoadyl3","QzfcUD","Gina","Coady","gcoadyl3@reverbnation.com"
"sgressl4","S0qoyE","Steven","Gress","sgressl4@ycombinator.com"
"mwattersl5","cQCAxfnzVpMZ","Mylo","Watters","mwattersl5@sakura.ne.jp"
"maidlerl6","w4am3M19gfa","Myrta","Aidler","maidlerl6@behance.net"
"soakenfordl7","U9I1q0Pr","Sansone","Oakenford","soakenfordl7@mozilla.com"
"ktrudgeonl8","9jFXwRpE","Kamilah","Trudgeon","ktrudgeonl8@freewebs.com"
"bklausenl9","toBMUgK","Brittney","Klausen","bklausenl9@engadget.com"
"idawberyla","TvUni23","Inglis","Dawbery","idawberyla@google.co.jp"
"afurtadolb","Hx5juvp5uSjt","Aguistin","Furtado","afurtadolb@plala.or.jp"
"jheersemalc","b4yYLkMR5t","Jaquith","Heersema","jheersemalc@parallels.com"
"kolifardld","oetoLUyu","Karalee","Olifard","kolifardld@lycos.com"
"gdodgsonle","ZMJqIfAj","Gretal","Dodgson","gdodgsonle@blogtalkradio.com"
"ekalewelf","kA1oPOqoztd","Ewell","Kalewe","ekalewelf@plala.or.jp"
"rwrattenlg","o9Qucwg","Raeann","Wratten","rwrattenlg@cdc.gov"
"csalvatilh","iKVzdfy0NZ","Cherlyn","Salvati","csalvatilh@mozilla.org"
"cbussli","qtYDyH8ij","Cymbre","Buss","cbussli@nih.gov"
"chupkalj","E1fa6uI","Cordula","Hupka","chupkalj@redcross.org"
"gwoanlk","s0CbWaF","Garnette","Woan","gwoanlk@sitemeter.com"
"jsircombll","0q81jor","Janice","Sircomb","jsircombll@squidoo.com"
"golyfflm","HYOjTaThoFav","Gwendolen","Olyff","golyfflm@epa.gov"
"awalbridgeln","rWyn3euptGkq","Angele","Walbridge","awalbridgeln@npr.org"
"lblasiolo","qF7LodpIT","Lion","Blasio","lblasiolo@paginegialle.it"
"rfinnlp","wAZYsPiUE4","Reece","Finn","rfinnlp@twitter.com"
"tengalq","BiDDbG9Lcxv","Torrey","Enga","tengalq@sourceforge.net"
"zwillgooselr","I10c9GTAwMZ","Zach","Willgoose","zwillgooselr@bbc.co.uk"
"acurlisls","mwwPj4X","Ashley","Curlis","acurlisls@liveinternet.ru"
"kkealylt","SAY0Afb","Karlotta","Kealy","kkealylt@google.com.au"
"ldummerlu","weyFWR5rXJo","Lou","Dummer","ldummerlu@businessweek.com"
"akeinratlv","i7lqnVP0gf","Armin","Keinrat","akeinratlv@umich.edu"
"criccolw","8iwzSTvO0wis","Coral","Ricco","criccolw@state.tx.us"
"cabrahamsonlx","wpZB5LlM93d","Charmane","Abrahamson","cabrahamsonlx@google.nl"
"amuzzily","mQXbRLK","Adelina","Muzzi","amuzzily@bandcamp.com"
"emalinglz","lWyxaCiJx","Eustacia","Maling","emalinglz@disqus.com"
"ppaybodym0","5Mg3czJ","Paquito","Paybody","ppaybodym0@alibaba.com"
"hlansberrym1","qHRa5mE6","Hesther","Lansberry","hlansberrym1@ebay.co.uk"
"lbrittonerm2","Z9LfwSY","Laura","Brittoner","lbrittonerm2@themeforest.net"
"pbrownseym3","nh3U8VHX","Paolo","Brownsey","pbrownseym3@booking.com"
"cellawaym4","xjB6VrpyH","Catharina","Ellaway","cellawaym4@fotki.com"
"cbessellm5","SusvKLGSun","Corbin","Bessell","cbessellm5@google.nl"
"jgeertjem6","B55txnKvpax","Janelle","Geertje","jgeertjem6@w3.org"
"dkettlestringm7","Dv7aCl","Donaugh","Kettlestring","dkettlestringm7@vk.com"
"wheyballm8","cdCHamwWyX","Warden","Heyball","wheyballm8@tiny.cc"
"mdimitriem9","agI7KIOdP","Maxy","Dimitrie","mdimitriem9@blogspot.com"
"tfugglesma","fwf4hZR2E9rc","Teddy","Fuggles","tfugglesma@ustream.tv"
"mblakistonmb","SU1KOQna4","Maitilde","Blakiston","mblakistonmb@skype.com"
"bbroomermc","bLb7cCW88iQ3","Boot","Broomer","bbroomermc@home.pl"
"tpiburnmd","3GTZcnv","Tabitha","Piburn","tpiburnmd@storify.com"
"sfayneme","bTuuPB13","Shannon","Fayne","sfayneme@statcounter.com"
"lgerrietmf","d2q61NrcE","Lauri","Gerriet","lgerrietmf@ning.com"
"tchevaliermg","Cr0Vp7Hk2xJ9","Timmi","Chevalier","tchevaliermg@nbcnews.com"
"aszepemh","HCyoG3","Asher","Szepe","aszepemh@google.it"
"dzimmermanmi","EdbUaj","Den","Zimmerman","dzimmermanmi@ihg.com"
"odegoeymj","oHD5Q6cy0GZE","Ozzy","Degoey","odegoeymj@google.com.au"
"amatzaitismk","NVPFQp","Aldo","Matzaitis","amatzaitismk@xinhuanet.com"
"ralbinml","YZmQUTqP","Rozanna","Albin","ralbinml@yale.edu"
"isibyllamm","tdkIRMKH5","Inge","Sibylla","isibyllamm@mashable.com"
"dpinkardmn","uqryLf","Delbert","Pinkard","dpinkardmn@redcross.org"
"mbasezzimo","eFyqx3","Margaret","Basezzi","mbasezzimo@springer.com"
"tmccaffertymp","gKGaW8","Tamera","McCafferty","tmccaffertymp@vimeo.com"
"smosconemq","kvQLl0","Sigismondo","Moscone","smosconemq@house.gov"
"ksmilliemr","L7SEev8XSQ","Kylila","Smillie","ksmilliemr@barnesandnoble.com"
"iarnaldoms","udo9laQ1","Izzy","Arnaldo","iarnaldoms@independent.co.uk"
"thuntressmt","E2hps9W6K","Tobiah","Huntress","thuntressmt@360.cn"
"acalleymu","Y8HyOIoo4","Arliene","Calley","acalleymu@eepurl.com"
"vchippendalemv","3MSzOim","Vera","Chippendale","vchippendalemv@mozilla.com"
"sslowcockmw","GGN8m4Pa","Stephi","Slowcock","sslowcockmw@indiatimes.com"
"jantonsenmx","ywUrcS6MFgah","Jase","Antonsen","jantonsenmx@sina.com.cn"
"eashbeymy","CBEPfs2H4AS","Ezri","Ashbey","eashbeymy@multiply.com"
"lingersonmz","AZUnAxaRaJdh","Leena","Ingerson","lingersonmz@goodreads.com"
"krubinsohnn0","NrNhaShZN","Kristen","Rubinsohn","krubinsohnn0@admin.ch"
"jlandersn1","vpIZmO6","Jarrid","Landers","jlandersn1@slideshare.net"
"hclausnern2","EZ1dOT","Hale","Clausner","hclausnern2@aol.com"
"asilverstonn3","aIz8xSPxM","Allegra","Silverston","asilverstonn3@vistaprint.com"
"wgazen4","URfp54Aizg1","Wake","Gaze","wgazen4@google.de"
"smccrown5","ygteU2HGc13","Stella","McCrow","smccrown5@sciencedaily.com"
"lmcpaken6","qEdaglR97Kx","Licha","Mc Pake","lmcpaken6@umich.edu"
"ufleemingn7","vMaUHg","Ulrick","Fleeming","ufleemingn7@hatena.ne.jp"
"sadamidesn8","93Pacz","Sloane","Adamides","sadamidesn8@reverbnation.com"
"pbloggettn9","TnZi5I82pm","Paten","Bloggett","pbloggettn9@umn.edu"
"tkirkwoodna","m10tELa","Theadora","Kirkwood","tkirkwoodna@lycos.com"
"rmickleburghnb","CC02zl5K3","Rivi","Mickleburgh","rmickleburghnb@craigslist.org"
"gcarnihannc","EDJRK58yEe0t","Gabie","Carnihan","gcarnihannc@mapy.cz"
"jaspdennd","hDRacdfqr","Jayme","Aspden","jaspdennd@discovery.com"
"jdobbyne","4PSr8oH","Joe","Dobby","jdobbyne@irs.gov"
"lmerdewnf","UZvXhpJ313","Lemmie","Merdew","lmerdewnf@netlog.com"
"uvogeleng","AcvVpptWOsC","Ursola","Vogele","uvogeleng@sfgate.com"
"homulderrignh","T8Pjh9wNWI","Humbert","O' Mulderrig","homulderrignh@pbs.org"
"bpurtellni","7zAt8zz15RIu","Brendan","Purtell","bpurtellni@qq.com"
"njorgnj","iwdHHg5j9lbV","Novelia","Jorg","njorgnj@xinhuanet.com"
"bsheklenk","ZfXZ78MMDIh","Brit","Shekle","bsheklenk@netvibes.com"
"jdavidoffnl","XhgFg8","Johann","Davidoff","jdavidoffnl@time.com"
"bpicnm","nkbdMObP1Z","Bernarr","Pic","bpicnm@tiny.cc"
"arickardesnn","TYhh0R0qY","Alister","Rickardes","arickardesnn@answers.com"
"acullimoreno","pqICKA4jf8","Artur","Cullimore","acullimoreno@yahoo.com"
"mfullalovenp","7K8unQIT","Myca","Fullalove","mfullalovenp@vimeo.com"
"whurchenq","zRIOnI","Wenda","Hurche","whurchenq@lycos.com"
"beblenr","8772Wv2crgE","Bobbie","Eble","beblenr@ebay.co.uk"
"msandelsns","jRmEYk","Meghann","Sandels","msandelsns@stanford.edu"
"dplovernt","2byBna2UVv","Drucill","Plover","dplovernt@craigslist.org"
"jborellnu","nqDGdDVd35m","Josefina","Borell","jborellnu@weebly.com"
"aixernv","IDnCs6","Arel","Ixer","aixernv@oakley.com"
"kburnittnw","97KG8Eka","Kean","Burnitt","kburnittnw@cdc.gov"
"tbarnewellenx","ga9j02WAOcru","Teodorico","Barnewelle","tbarnewellenx@php.net"
"coglessaneny","9ci7DSaa","Carita","O'Glessane","coglessaneny@acquirethisname.com"
"ulawthernz","MLos3k39ACn","Upton","Lawther","ulawthernz@google.com.au"
"cingledewo0","pX3ZISObx","Chelsey","Ingledew","cingledewo0@arizona.edu"
"cwolfito1","1IHvHAb","Cathy","Wolfit","cwolfito1@fda.gov"
"laistropo2","4AO5Lk2Buqq","Letizia","Aistrop","laistropo2@addthis.com"
"sbusseyo3","MaoHlmzsy","Sybille","Bussey","sbusseyo3@wsj.com"
"ericardso4","sGsuyK9Kmuh1","Edwina","Ricards","ericardso4@hubpages.com"
"mpengellyo5","Pfcler7v9","Mendie","Pengelly","mpengellyo5@deliciousdays.com"
"tneyo6","x2DBnqMHRhh","Tripp","Ney","tneyo6@bandcamp.com"
"drowthorno7","425KEetS","Dannel","Rowthorn","drowthorno7@deviantart.com"
"dkeacho8","1u9jCuZ","Doe","Keach","dkeacho8@reference.com"
"sobeeo9","Cj6EF1fXfif","Sadella","O' Bee","sobeeo9@domainmarket.com"
"rpoggoa","fKynzodnUFe","Rubin","Pogg","rpoggoa@wsj.com"
"rsmithemanob","nExXvUhVw","Ralina","Smitheman","rsmithemanob@slideshare.net"
"mplunkettoc","u9quEIRhet","Mirabel","Plunkett","mplunkettoc@archive.org"
"nlutwidgeod","kBJO6xoh","Nani","Lutwidge","nlutwidgeod@arstechnica.com"
"wgouthoe","LvJRi68zRD","Wanda","Gouth","wgouthoe@irs.gov"
"jeppof","SFacjht","Janaye","Epp","jeppof@vkontakte.ru"
"hcasementog","HT0iZI8Q5qXb","Hamlin","Casement","hcasementog@list-manage.com"
"ahamptonoh","Z1jPClXoqV2","Annmarie","Hampton","ahamptonoh@indiegogo.com"
"bbuttoi","WKRiMKGVa","Baldwin","Butt","bbuttoi@xinhuanet.com"
"ldraaismaoj","2U6JHQ7Dzj","Leeanne","Draaisma","ldraaismaoj@soup.io"
"mheathok","9xXRRc","Maximo","Heath","mheathok@weather.com"
"ifusseyol","URpvx1L","Isac","Fussey","ifusseyol@instagram.com"
"mleveom","SiyrXiteWt","Melania","Leve","mleveom@t-online.de"
"dcrowleyon","cEamYCR","Diandra","Crowley","dcrowleyon@state.gov"
"ncarlettoo","ugkzCWZv59EQ","Noe","Carlett","ncarlettoo@forbes.com"
"eroizinop","zMRGRs6","Estrellita","Roizin","eroizinop@printfriendly.com"
"ndugaldoq","oUzlbr","Noelani","Dugald","ndugaldoq@nature.com"
"adebullionor","W2xgLVZ","Abdul","de Bullion","adebullionor@de.vu"
"ejanodetos","8gvIouzS","Ebba","Janodet","ejanodetos@mit.edu"
"kwilloughwayot","448YG4u","Krystal","Willoughway","kwilloughwayot@dropbox.com"
"kfishendenou","6McuzkqnttM","Kermit","Fishenden","kfishendenou@clickbank.net"
"helgieov","yBrsS3rnzP","Hirsch","Elgie","helgieov@ustream.tv"
"twoodsfordow","oKLWnJqxn","Truman","Woodsford","twoodsfordow@homestead.com"
"epappsox","aMuk3RCC9JV","Eimile","Papps","epappsox@illinois.edu"
"ahauchoy","bHe46p","Alexei","Hauch","ahauchoy@bloglovin.com"
"mcasarilioz","3eIq5Y","Marin","Casarili","mcasarilioz@nasa.gov"
"etreacyp0","IkN6Q6cBT","Effie","Treacy","etreacyp0@noaa.gov"
"ttumiellip1","ARWoiKj","Theodor","Tumielli","ttumiellip1@utexas.edu"
"ekunp2","ydFFdjMBFT","Elfreda","Kun","ekunp2@ucla.edu"
"higglesdenp3","QzWftpgS7","Hollyanne","Igglesden","higglesdenp3@cbsnews.com"
"mbaakep4","bm3WnG6D","Meryl","Baake","mbaakep4@ucla.edu"
"dcutchiep5","uQeFFsJt","Doro","Cutchie","dcutchiep5@zimbio.com"
"enorreep6","kfMHED","Erica","Norree","enorreep6@fema.gov"
"rivashkovp7","vFXmf5RNBPvI","Rorke","Ivashkov","rivashkovp7@pcworld.com"
"nblintp8","GUxqnm5o","Nicolas","Blint","nblintp8@theatlantic.com"
"hodowlingp9","RpdKTRDtzs","Hernando","O'Dowling","hodowlingp9@privacy.gov.au"
"lgaylepa","m7eyud","Les","Gayle","lgaylepa@constantcontact.com"
"tschollarpb","f8CwnWyZb94","Terese","Schollar","tschollarpb@msn.com"
"kgilcriestpc","Vg6QfyI1","Kerianne","Gilcriest","kgilcriestpc@yelp.com"
"bvaudrepd","9hdCjfmRT1","Bastian","Vaudre","bvaudrepd@archive.org"
"gtapppe","mceAMUg","Gordan","Tapp","gtapppe@ibm.com"
"mathersmithpf","3N0trT6o","Margaretta","Athersmith","mathersmithpf@webnode.com"
"hjodrellepg","Qh20vA5m","Harriette","Jodrelle","hjodrellepg@timesonline.co.uk"
"wszymonowiczph","7gUDSOxeQZG","Wendel","Szymonowicz","wszymonowiczph@privacy.gov.au"
"ogreenhampi","rj3mhTufs","Oralie","Greenham","ogreenhampi@vk.com"
"imurneypj","mfmKNl","Isabeau","Murney","imurneypj@noaa.gov"
"mvaissierepk","8gSkHNzkwjP","Micheal","Vaissiere","mvaissierepk@omniture.com"
"rcotheypl","MKw8urYuJGG","Roderick","Cothey","rcotheypl@a8.net"
"sbaldinipm","Q004Bz74rZ","Shannen","Baldini","sbaldinipm@tmall.com"
"sizzettpn","SufBCv348B","Stuart","Izzett","sizzettpn@unicef.org"
"toverpo","bWWoMi2f9e","Tiff","Over","toverpo@facebook.com"
"wikringillpp","esfk0k4rG","Wolfy","Ikringill","wikringillpp@linkedin.com"
"lferraropq","uqteCn1guDM1","Lisette","Ferraro","lferraropq@tumblr.com"
"jgirodonpr","quTJMzEiBEJ","Joanie","Girodon","jgirodonpr@shutterfly.com"
"pvyelps","9iGF7WOvoe","Pandora","Vyel","pvyelps@aol.com"
"sfieldgatept","X2uwBxPhf","Sigismond","Fieldgate","sfieldgatept@yellowpages.com"
"dinglesentpu","lyEg9D","De","Inglesent","dinglesentpu@wix.com"
"mlindelofpv","0p1zKifwx","Milka","Lindelof","mlindelofpv@t-online.de"
"awingattpw","Abu4z6","Andonis","Wingatt","awingattpw@blinklist.com"
"gjodlkowskipx","VudBNWg51","Germayne","Jodlkowski","gjodlkowskipx@webmd.com"
"cwarmingtonpy","c6Y0m47","Carlin","Warmington","cwarmingtonpy@pagesperso-orange.fr"
"cannetspz","8rksbfl4","Conan","Annets","cannetspz@ft.com"
"jclandillonq0","JDvIPKj","Jarrett","Clandillon","jclandillonq0@prlog.org"
"tcanlinq1","ydDqUT","Talya","Canlin","tcanlinq1@independent.co.uk"
"mburchq2","g5jZXVzU","Mathian","Burch","mburchq2@cbc.ca"
"efeatherstonhaughq3","BJuUU1qOXfeI","Egbert","Featherstonhaugh","efeatherstonhaughq3@1688.com"
"saubinq4","FEIMZlQ","Sasha","Aubin","saubinq4@dion.ne.jp"
"sfoskenq5","LsXAOcKbD2L","Sheff","Fosken","sfoskenq5@constantcontact.com"
"wdooleq6","0svJAD","Wendy","Doole","wdooleq6@google.com.hk"
"jgosneyq7","dqOIcM","Jamill","Gosney","jgosneyq7@cocolog-nifty.com"
"pmithunq8","iO22dF8","Pattie","Mithun","pmithunq8@reference.com"
"oshevellq9","XfIVh5nO7el","Orlando","Shevell","oshevellq9@mac.com"
"ebelchemqa","QczN7HIzrp","Esmaria","Belchem","ebelchemqa@accuweather.com"
"bsarjantqb","zwhB1qEy","Bari","Sarjant","bsarjantqb@twitpic.com"
"rfydoeqc","mW6euRg","Rosemary","Fydoe","rfydoeqc@admin.ch"
"glabarreqd","71paftvv","Goldi","Labarre","glabarreqd@reverbnation.com"
"lcaddenqe","27coARe","Loy","Cadden","lcaddenqe@go.com"
"ntennockqf","fikCH4hBny","North","Tennock","ntennockqf@deviantart.com"
"nstoyleqg","wM7N5sFMs5B","Naomi","Stoyle","nstoyleqg@a8.net"
"lconradqh","3YlNyH","Lonni","Conrad","lconradqh@desdev.cn"
"mlaybornqi","VDpu3VGm","Maren","Layborn","mlaybornqi@liveinternet.ru"
"rchippingqj","VuHO0Kn5","Robbie","Chipping","rchippingqj@cbc.ca"
"nplinckqk","Tblnhz","Natala","Plinck","nplinckqk@i2i.jp"
"lhannibalql","YZOwmASvn","Lanae","Hannibal","lhannibalql@phpbb.com"
"vkillingbackqm","dD0Di9","Val","Killingback","vkillingbackqm@army.mil"
"jreamqn","SlUZP8","Jeniece","Ream","jreamqn@wunderground.com"
"cmousdallqo","i9GUnAXNOaE2","Cathie","Mousdall","cmousdallqo@chron.com"
"mglynnqp","LYHCyr","Milzie","Glynn","mglynnqp@umn.edu"
"kconvilleqq","NHxLY4po74o","Kaitlin","Conville","kconvilleqq@fotki.com"
"abereclothqr","TM9Oz7N","Ardath","Berecloth","abereclothqr@cloudflare.com"
"tmaccheyneqs","iGS83z5vLkV","Tracy","MacCheyne","tmaccheyneqs@boston.com"
"edorosarioqt","ahut1O","Erda","Do Rosario","edorosarioqt@ucoz.com"
"croostanqu","ymAfv0Fyp","Catherina","Roostan","croostanqu@ifeng.com"
"bperelqv","O0cxjNS","Binnie","Perel","bperelqv@usda.gov"
"jmccrumqw","GhIzjr","Joellyn","McCrum","jmccrumqw@squidoo.com"
"cadshedqx","Aqu9oLjKJ3Fu","Carmela","Adshed","cadshedqx@last.fm"
"plebrunqy","NuJAhBdxY0AZ","Phillipp","Lebrun","plebrunqy@dion.ne.jp"
"bsnowlingqz","AjThLDxrDW","Blondell","Snowling","bsnowlingqz@cyberchimps.com"
"tnugentr0","FXVLIkXdI","Toby","Nugent","tnugentr0@dmoz.org"
"tbathower1","Qng8ac","Tandi","Bathowe","tbathower1@nhs.uk"
"jhalfordr2","0lXQTJafsutK","Jule","Halford","jhalfordr2@globo.com"
"ffenningr3","wWnLTD","Fredia","Fenning","ffenningr3@army.mil"
"ftaylor4","6dBBqwyHGzp","Filmore","Taylo","ftaylor4@github.io"
"echadbournr5","pya8ZX","Engelbert","Chadbourn","echadbournr5@cbc.ca"
"cdeetlefsr6","Q90QKSx9Si","Cornelia","Deetlefs","cdeetlefsr6@ehow.com"
"fcauncer7","aEW2iHcsOTLz","Francisca","Caunce","fcauncer7@tripadvisor.com"
"keastabrookr8","Sptap18b","Kelli","Eastabrook","keastabrookr8@pen.io"
"schivertonr9","t1qz5gO","Sigismond","Chiverton","schivertonr9@senate.gov"
"bmckeatingra","JbQpPb0gLh","Beverly","McKeating","bmckeatingra@wp.com"
"slusheyrb","dWFYZtYpw","Sheila","Lushey","slusheyrb@cisco.com"
"agooderhamrc","kHpq5jdZ","Arleen","Gooderham","agooderhamrc@earthlink.net"
"wdudnyrd","pcWXjZ","Willie","Dudny","wdudnyrd@people.com.cn"
"ngosselinre","EKWQxI9q","Neddy","Gosselin","ngosselinre@yale.edu"
"zredholerf","pCtLlw","Zola","Redhole","zredholerf@4shared.com"
"fpindredrg","7zYTZA1r3M43","Freddie","Pindred","fpindredrg@slideshare.net"
"jjouanetonrh","giHYxeTgAl","Jennifer","Jouaneton","jjouanetonrh@unblog.fr"
"ejosefsonri","O2V08J","Eberto","Josefson","ejosefsonri@nasa.gov"
"nporcasrj","Cr4zW9","Nickie","Porcas","nporcasrj@surveymonkey.com"
"acressinghamrk","2iN5go","Alleyn","Cressingham","acressinghamrk@goo.gl"
"gsaillrl","U0ubxzMjD3","Georgia","Saill","gsaillrl@seattletimes.com"
"dstentifordrm","SrCARb4FI2H","Dorotea","Stentiford","dstentifordrm@i2i.jp"
"amonkemanrn","VxH3uDX","Andriana","Monkeman","amonkemanrn@squidoo.com"
"rrillattro","2n7YR6Te","Ronny","Rillatt","rrillattro@t.co"
"mleroyrp","no472E3","Mora","Leroy","mleroyrp@wufoo.com"
"xlehuquetrq","zff9sbzAijrp","Xenia","Le Huquet","xlehuquetrq@mediafire.com"
"smcwhinnierr","PtPb7r","Shelba","McWhinnie","smcwhinnierr@psu.edu"